audited_at_utc,layer,dataset,batch_id,artifact_path,report_path,report_layer,rows,parquet_file_count,parquet_bytes,manifest_file_count,manifest_bytes,match_rate,status,failed_checks,check_count,passed_check_count,lineage_bronze_batch,lineage_silver_output,lineage_bronze_run,lineage_silver_batch,lineage_forecast_silver_batch,lineage_actual_weather_silver_batch
2026-08-16T11:06:30+00:00,bronze,energy_charts,20260816T044138Z,data_lake/bronze/energy_charts/ingestion_date=20260816/batch_id=20260816T044138Z,,,,0,0,0,0,,WARN,"['report_present', 'manifest_present']",3,1,,,,,,
2026-08-16T11:06:30+00:00,bronze,energy_charts,20260816T044220Z,data_lake/bronze/energy_charts/ingestion_date=20260816/batch_id=20260816T044220Z,,,,0,0,0,0,,WARN,"['report_present', 'manifest_present']",3,1,,,,,,
2026-08-16T11:06:30+00:00,bronze,energy_charts,20260816T044321Z,data_lake/bronze/energy_charts/ingestion_date=20260816/batch_id=20260816T044321Z,data_lake/bronze/energy_charts/ingestion_date=20260816/batch_id=20260816T044321Z/country=de/bzn=DE-LU/manifest.jsonl,,,0,0,1,1450,,COMPLETE,[],3,3,,,,,,
2026-08-16T11:06:30+00:00,bronze,energy_charts,20260816T044339Z,data_lake/bronze/energy_charts/ingestion_date=20260816/batch_id=20260816T044339Z,data_lake/bronze/energy_charts/ingestion_date=20260816/batch_id=20260816T044339Z/country=de/bzn=DE-LU/manifest.jsonl,,,0,0,1,5144,,COMPLETE,[],3,3,,,,,,
2026-08-16T11:06:30+00:00,bronze,energy_charts,20260816T044724Z,data_lake/bronze/energy_charts/ingestion_date=20260816/batch_id=20260816T044724Z,data_lake/bronze/energy_charts/ingestion_date=20260816/batch_id=20260816T044724Z/country=de/bzn=DE-LU/manifest.jsonl,,,0,0,1,5612,,COMPLETE,[],3,3,,,,,,
2026-08-16T11:06:30+00:00,bronze,energy_charts,20260816T103913Z,data_lake/bronze/energy_charts/ingestion_date=20260816/batch_id=20260816T103913Z,data_lake/bronze/energy_charts/ingestion_date=20260816/batch_id=20260816T103913Z/country=de/bzn=DE-LU/manifest.jsonl,,,0,0,1,5613,,COMPLETE,[],3,3,,,,,,
2026-08-16T11:06:30+00:00,bronze,energy_charts,20260816T110118Z,data_lake/bronze/energy_charts/ingestion_date=20260816/batch_id=20260816T110118Z,data_lake/bronze/energy_charts/ingestion_date=20260816/batch_id=20260816T110118Z/country=fr/bzn=FR/manifest.jsonl,,,0,0,1,5570,,COMPLETE,[],3,3,,,,,,
2026-08-16T11:06:30+00:00,bronze,energy_charts,20260816T110203Z,data_lake/bronze/energy_charts/ingestion_date=20260816/batch_id=20260816T110203Z,,,,0,0,0,0,,WARN,"['report_present', 'manifest_present']",3,1,,,,,,
2026-08-16T11:06:30+00:00,bronze,energy_charts,20260816T110325Z,data_lake/bronze/energy_charts/ingestion_date=20260816/batch_id=20260816T110325Z,,,,0,0,0,0,,WARN,"['report_present', 'manifest_present']",3,1,,,,,,
2026-08-16T11:06:30+00:00,bronze,energy_charts,20260816T110417Z,data_lake/bronze/energy_charts/ingestion_date=20260816/batch_id=20260816T110417Z,data_lake/bronze/energy_charts/ingestion_date=20260816/batch_id=20260816T110417Z/country=at/bzn=AT/manifest.jsonl,,,0,0,1,5592,,COMPLETE,[],3,3,,,,,,
2026-08-16T11:06:30+00:00,bronze,opsd_time_series,20260804T114958Z,data_lake/bronze/opsd_time_series/ingestion_date=20260804/batch_id=20260804T114958Z,,,,0,0,0,0,,WARN,"['report_present', 'manifest_present']",3,1,,,,,,
2026-08-16T11:06:30+00:00,bronze,opsd_time_series,20260804T115229Z,data_lake/bronze/opsd_time_series/ingestion_date=20260804/batch_id=20260804T115229Z,data_lake/bronze/opsd_time_series/ingestion_date=20260804/batch_id=20260804T115229Z/manifest.jsonl,,,0,0,1,1595,,COMPLETE,[],3,3,,,,,,
2026-08-16T11:06:30+00:00,bronze,weather_forecast_vintage,20260804T123152Z,data_lake/bronze/weather_forecast_vintage/ingestion_date=20260804/batch_id=20260804T123152Z,,,,0,0,0,0,,WARN,"['report_present', 'manifest_present']",3,1,,,,,,
2026-08-16T11:06:30+00:00,bronze,weather_forecast_vintage,20260804T123343Z,data_lake/bronze/weather_forecast_vintage/ingestion_date=20260804/batch_id=20260804T123343Z,data_lake/bronze/weather_forecast_vintage/ingestion_date=20260804/batch_id=20260804T123343Z/run=2024-06-01T00-00Z/manifest.jsonl,,,0,0,1,1698,,COMPLETE,[],3,3,,,,,,
2026-08-16T11:06:30+00:00,bronze,weather_forecast_vintage,20260816T100641Z,data_lake/bronze/weather_forecast_vintage/ingestion_date=20260816/batch_id=20260816T100641Z,,,,0,0,0,0,,WARN,"['report_present', 'manifest_present']",3,1,,,,,,
2026-08-16T11:06:30+00:00,bronze,weather_forecast_vintage,20260816T100737Z,data_lake/bronze/weather_forecast_vintage/ingestion_date=20260816/batch_id=20260816T100737Z,data_lake/bronze/weather_forecast_vintage/ingestion_date=20260816/batch_id=20260816T100737Z/manifest.jsonl,,,0,0,1,13680,,COMPLETE,[],3,3,,,,,,
2026-08-16T11:06:30+00:00,bronze,weather_forecast_vintage,20260816T103952Z,data_lake/bronze/weather_forecast_vintage/ingestion_date=20260816/batch_id=20260816T103952Z,data_lake/bronze/weather_forecast_vintage/ingestion_date=20260816/batch_id=20260816T103952Z/manifest.jsonl,,,0,0,1,51300,,COMPLETE,[],3,3,,,,,,
2026-08-16T11:06:30+00:00,bronze,weather_forecast_vintage,20260816T105628Z,data_lake/bronze/weather_forecast_vintage/ingestion_date=20260816/batch_id=20260816T105628Z,data_lake/bronze/weather_forecast_vintage/ingestion_date=20260816/batch_id=20260816T105628Z/manifest.jsonl,,,0,0,1,76500,,COMPLETE,[],3,3,,,,,,
2026-08-16T11:06:30+00:00,bronze,weather_open_meteo,20260804T120600Z,data_lake/bronze/weather_open_meteo/ingestion_date=20260804/batch_id=20260804T120600Z,data_lake/bronze/weather_open_meteo/ingestion_date=20260804/batch_id=20260804T120600Z/manifest.jsonl,,,0,0,1,1566,,COMPLETE,[],3,3,,,,,,
2026-08-16T11:06:30+00:00,bronze,weather_open_meteo,20260804T123534Z,data_lake/bronze/weather_open_meteo/ingestion_date=20260804/batch_id=20260804T123534Z,data_lake/bronze/weather_open_meteo/ingestion_date=20260804/batch_id=20260804T123534Z/manifest.jsonl,,,0,0,1,1564,,COMPLETE,[],3,3,,,,,,
2026-08-16T11:06:30+00:00,bronze,weather_open_meteo,20260804T124555Z,data_lake/bronze/weather_open_meteo/ingestion_date=20260804/batch_id=20260804T124555Z,data_lake/bronze/weather_open_meteo/ingestion_date=20260804/batch_id=20260804T124555Z/manifest.jsonl,,,0,0,1,1564,,COMPLETE,[],3,3,,,,,,
2026-08-16T11:06:30+00:00,bronze,weather_open_meteo,20260816T103831Z,data_lake/bronze/weather_open_meteo/ingestion_date=20260816/batch_id=20260816T103831Z,data_lake/bronze/weather_open_meteo/ingestion_date=20260816/batch_id=20260816T103831Z/manifest.jsonl,,,0,0,1,1564,,COMPLETE,[],3,3,,,,,,
2026-08-16T11:06:30+00:00,bronze,weather_open_meteo,20260816T105601Z,data_lake/bronze/weather_open_meteo/ingestion_date=20260816/batch_id=20260816T105601Z,data_lake/bronze/weather_open_meteo/ingestion_date=20260816/batch_id=20260816T105601Z/manifest.jsonl,,,0,0,1,2331,,COMPLETE,[],3,3,,,,,,
2026-08-16T11:06:30+00:00,gold,energy_forecast_impact,,data_lake/gold/energy_forecast_impact/market_batch=20260816T044339Z__weather_batch=2024-06-01T00-00Z/bzn=DE-LU,data_lake/gold/energy_forecast_impact/market_batch=20260816T044339Z__weather_batch=2024-06-01T00-00Z/bzn=DE-LU/gold_report.json,gold,240.0,1,65180,0,0,,COMPLETE,[],3,3,,,,,,
2026-08-16T11:06:30+00:00,gold,energy_forecast_impact,,data_lake/gold/energy_forecast_impact/market_batch=20260816T044724Z__weather_batch=2024-06-01T00-00Z/bzn=DE-LU,data_lake/gold/energy_forecast_impact/market_batch=20260816T044724Z__weather_batch=2024-06-01T00-00Z/bzn=DE-LU/gold_report.json,gold,240.0,1,65269,0,0,,COMPLETE,[],3,3,,,,,,
2026-08-16T11:06:30+00:00,gold,energy_forecast_impact,,data_lake/gold/energy_forecast_impact/market_batch=20260816T044724Z__weather_batch=multi_vintage/bzn=DE-LU,data_lake/gold/energy_forecast_impact/market_batch=20260816T044724Z__weather_batch=multi_vintage/bzn=DE-LU/gold_report.json,gold,1920.0,4,261773,0,0,,COMPLETE,[],3,3,,,,,,
2026-08-16T11:06:30+00:00,gold,energy_forecast_impact,,data_lake/gold/energy_forecast_impact/market_batch=20260816T103913Z__weather_batch=multi_vintage/bzn=DE-LU,data_lake/gold/energy_forecast_impact/market_batch=20260816T103913Z__weather_batch=multi_vintage/bzn=DE-LU/gold_report.json,gold,7200.0,15,1088593,0,0,,COMPLETE,[],3,3,,,,,,
2026-08-16T11:06:30+00:00,gold,energy_research,,data_lake/gold/energy_research/region=DE_LU/silver_batch=20260804T115229Z,data_lake/gold/energy_research/region=DE_LU/silver_batch=20260804T115229Z/gold_report.json,gold,17546.0,25,1492932,0,0,,COMPLETE,[],3,3,,,,data_lake/silver/opsd_time_series/ingestion_date=20260804/batch_id=20260804T115229Z,,
2026-08-16T11:06:30+00:00,gold,forecast_error,,data_lake/gold/forecast_error/forecast_batch=20260804T123343Z__actual_batch=20260804T124555Z/run=2024-06-01T00-00Z,data_lake/gold/forecast_error/forecast_batch=20260804T123343Z__actual_batch=20260804T124555Z/run=2024-06-01T00-00Z/error_report.json,gold,480.0,4,84503,0,0,1.0,COMPLETE,[],4,4,,,,,data_lake/silver/weather_forecast_vintage/ingestion_date=20260804/batch_id=20260804T123343Z/run=2024-06-01T00-00Z,data_lake/silver/weather_open_meteo/ingestion_date=20260804/batch_id=20260804T124555Z
2026-08-16T11:06:30+00:00,gold,forecast_error_panel,,data_lake/gold/forecast_error_panel/forecast_batch=20260816T100737Z__actual_batch=20260804T124555Z/multi_vintage,data_lake/gold/forecast_error_panel/forecast_batch=20260816T100737Z__actual_batch=20260804T124555Z/multi_vintage/error_report.json,gold,3840.0,10,333695,0,0,0.825,WARN,['match_rate_gate'],4,3,,,,,data_lake/silver/weather_forecast_vintage_panel/ingestion_date=20260816/batch_id=20260816T100737Z,data_lake/silver/weather_open_meteo/ingestion_date=20260804/batch_id=20260804T124555Z
2026-08-16T11:06:30+00:00,gold,forecast_error_panel,,data_lake/gold/forecast_error_panel/forecast_batch=20260816T103952Z__actual_batch=20260816T103831Z/multi_vintage,data_lake/gold/forecast_error_panel/forecast_batch=20260816T103952Z__actual_batch=20260816T103831Z/multi_vintage/error_report.json,gold,14400.0,32,1298068,0,0,1.0,COMPLETE,[],4,4,,,,,data_lake/silver/weather_forecast_vintage_panel/ingestion_date=20260816/batch_id=20260816T103952Z,data_lake/silver/weather_open_meteo/ingestion_date=20260816/batch_id=20260816T103831Z
2026-08-16T11:06:30+00:00,gold,forecast_error_panel_multi_zone,,data_lake/gold/forecast_error_panel_multi_zone/forecast_batch=20260816T105628Z__actual_batch=20260816T105601Z/multi_vintage,data_lake/gold/forecast_error_panel_multi_zone/forecast_batch=20260816T105628Z__actual_batch=20260816T105601Z/multi_vintage/error_report.json,gold,21600.0,47,1946234,0,0,1.0,COMPLETE,[],4,4,,,,,data_lake/silver/weather_forecast_vintage_panel/ingestion_date=20260816/batch_id=20260816T105628Z,data_lake/silver/weather_open_meteo/ingestion_date=20260816/batch_id=20260816T105601Z
2026-08-16T11:06:30+00:00,gold,multi_zone_forecast_impact,,data_lake/gold/multi_zone_forecast_impact/panel_batch=20260816T110519Z,data_lake/gold/multi_zone_forecast_impact/panel_batch=20260816T110519Z/gold_report.json,gold,21600.0,45,2973053,0,0,,COMPLETE,[],3,3,,,,,,
2026-08-16T11:06:30+00:00,gold,multi_zone_forecast_impact_v2,,data_lake/gold/multi_zone_forecast_impact_v2/panel_batch=20260816T110610Z,data_lake/gold/multi_zone_forecast_impact_v2/panel_batch=20260816T110610Z/gold_report.json,gold,21600.0,45,2992134,0,0,,COMPLETE,[],3,3,,,,,,
2026-08-16T11:06:30+00:00,silver,energy_charts,20260816T044339Z,data_lake/silver/energy_charts/ingestion_date=20260816/batch_id=20260816T044339Z/country=de/bzn=DE-LU,data_lake/silver/energy_charts/ingestion_date=20260816/batch_id=20260816T044339Z/country=de/bzn=DE-LU/quality_report.json,silver,24240.0,52,985869,0,0,,COMPLETE,[],3,3,data_lake/bronze/energy_charts/ingestion_date=20260816/batch_id=20260816T044339Z/country=de/bzn=DE-LU,data_lake/silver/energy_charts/ingestion_date=20260816/batch_id=20260816T044339Z/country=de/bzn=DE-LU,,,,
2026-08-16T11:06:30+00:00,silver,energy_charts,20260816T044724Z,data_lake/silver/energy_charts/ingestion_date=20260816/batch_id=20260816T044724Z/country=de/bzn=DE-LU,data_lake/silver/energy_charts/ingestion_date=20260816/batch_id=20260816T044724Z/country=de/bzn=DE-LU/quality_report.json,silver,24165.0,26,739425,0,0,,COMPLETE,[],3,3,data_lake/bronze/energy_charts/ingestion_date=20260816/batch_id=20260816T044724Z/country=de/bzn=DE-LU,data_lake/silver/energy_charts/ingestion_date=20260816/batch_id=20260816T044724Z/country=de/bzn=DE-LU,,,,
2026-08-16T11:06:30+00:00,silver,energy_charts,20260816T103913Z,data_lake/silver/energy_charts/ingestion_date=20260816/batch_id=20260816T103913Z/country=de/bzn=DE-LU,data_lake/silver/energy_charts/ingestion_date=20260816/batch_id=20260816T103913Z/country=de/bzn=DE-LU/quality_report.json,silver,72645.0,26,1705826,0,0,,COMPLETE,[],3,3,data_lake/bronze/energy_charts/ingestion_date=20260816/batch_id=20260816T103913Z/country=de/bzn=DE-LU,data_lake/silver/energy_charts/ingestion_date=20260816/batch_id=20260816T103913Z/country=de/bzn=DE-LU,,,,
2026-08-16T11:06:30+00:00,silver,energy_charts,20260816T110118Z,data_lake/silver/energy_charts/ingestion_date=20260816/batch_id=20260816T110118Z/country=fr/bzn=FR,data_lake/silver/energy_charts/ingestion_date=20260816/batch_id=20260816T110118Z/country=fr/bzn=FR/quality_report.json,silver,15840.0,22,517041,0,0,,COMPLETE,[],3,3,data_lake/bronze/energy_charts/ingestion_date=20260816/batch_id=20260816T110118Z/country=fr/bzn=FR,data_lake/silver/energy_charts/ingestion_date=20260816/batch_id=20260816T110118Z/country=fr/bzn=FR,,,,
2026-08-16T11:06:30+00:00,silver,energy_charts,20260816T110417Z,data_lake/silver/energy_charts/ingestion_date=20260816/batch_id=20260816T110417Z/country=at/bzn=AT,data_lake/silver/energy_charts/ingestion_date=20260816/batch_id=20260816T110417Z/country=at/bzn=AT/quality_report.json,silver,55383.0,20,1169813,0,0,,COMPLETE,[],3,3,data_lake/bronze/energy_charts/ingestion_date=20260816/batch_id=20260816T110417Z/country=at/bzn=AT,data_lake/silver/energy_charts/ingestion_date=20260816/batch_id=20260816T110417Z/country=at/bzn=AT,,,,
2026-08-16T11:06:30+00:00,silver,opsd_time_series,20260804T115229Z,data_lake/silver/opsd_time_series/ingestion_date=20260804/batch_id=20260804T115229Z,data_lake/silver/opsd_time_series/ingestion_date=20260804/batch_id=20260804T115229Z/quality_report.json,silver,13686403.0,72,206540739,0,0,,COMPLETE,[],4,4,data_lake/bronze/opsd_time_series/ingestion_date=20260804/batch_id=20260804T115229Z,data_lake/silver/opsd_time_series/ingestion_date=20260804/batch_id=20260804T115229Z,,,,
2026-08-16T11:06:30+00:00,silver,weather_forecast_vintage,20260804T123343Z,data_lake/silver/weather_forecast_vintage/ingestion_date=20260804/batch_id=20260804T123343Z/run=2024-06-01T00-00Z,data_lake/silver/weather_forecast_vintage/ingestion_date=20260804/batch_id=20260804T123343Z/run=2024-06-01T00-00Z/quality_report.json,silver,480.0,2,32841,0,0,,COMPLETE,[],3,3,,data_lake/silver/weather_forecast_vintage/ingestion_date=20260804/batch_id=20260804T123343Z/run=2024-06-01T00-00Z,data_lake/bronze/weather_forecast_vintage/ingestion_date=20260804/batch_id=20260804T123343Z/run=2024-06-01T00-00Z,,,
2026-08-16T11:06:30+00:00,silver,weather_forecast_vintage_panel,20260816T100737Z,data_lake/silver/weather_forecast_vintage_panel/ingestion_date=20260816/batch_id=20260816T100737Z,data_lake/silver/weather_forecast_vintage_panel/ingestion_date=20260816/batch_id=20260816T100737Z/quality_report.json,silver,3840.0,8,144646,0,0,,COMPLETE,[],3,3,data_lake/bronze/weather_forecast_vintage/ingestion_date=20260816/batch_id=20260816T100737Z,data_lake/silver/weather_forecast_vintage_panel/ingestion_date=20260816/batch_id=20260816T100737Z,,,,
2026-08-16T11:06:30+00:00,silver,weather_forecast_vintage_panel,20260816T103952Z,data_lake/silver/weather_forecast_vintage_panel/ingestion_date=20260816/batch_id=20260816T103952Z,data_lake/silver/weather_forecast_vintage_panel/ingestion_date=20260816/batch_id=20260816T103952Z/quality_report.json,silver,14400.0,30,550709,0,0,,COMPLETE,[],3,3,data_lake/bronze/weather_forecast_vintage/ingestion_date=20260816/batch_id=20260816T103952Z,data_lake/silver/weather_forecast_vintage_panel/ingestion_date=20260816/batch_id=20260816T103952Z,,,,
2026-08-16T11:06:30+00:00,silver,weather_forecast_vintage_panel,20260816T105628Z,data_lake/silver/weather_forecast_vintage_panel/ingestion_date=20260816/batch_id=20260816T105628Z,data_lake/silver/weather_forecast_vintage_panel/ingestion_date=20260816/batch_id=20260816T105628Z/quality_report.json,silver,21600.0,45,826836,0,0,,COMPLETE,[],3,3,data_lake/bronze/weather_forecast_vintage/ingestion_date=20260816/batch_id=20260816T105628Z,data_lake/silver/weather_forecast_vintage_panel/ingestion_date=20260816/batch_id=20260816T105628Z,,,,
2026-08-16T11:06:30+00:00,silver,weather_open_meteo,20260804T120600Z,data_lake/silver/weather_open_meteo/ingestion_date=20260804/batch_id=20260804T120600Z,data_lake/silver/weather_open_meteo/ingestion_date=20260804/batch_id=20260804T120600Z/quality_report.json,silver,35136.0,50,1085241,0,0,,COMPLETE,[],3,3,data_lake/bronze/weather_open_meteo/ingestion_date=20260804/batch_id=20260804T120600Z,data_lake/silver/weather_open_meteo/ingestion_date=20260804/batch_id=20260804T120600Z,,,,
2026-08-16T11:06:30+00:00,silver,weather_open_meteo,20260804T124555Z,data_lake/silver/weather_open_meteo/ingestion_date=20260804/batch_id=20260804T124555Z,data_lake/silver/weather_open_meteo/ingestion_date=20260804/batch_id=20260804T124555Z/quality_report.json,silver,480.0,2,28713,0,0,,COMPLETE,[],3,3,data_lake/bronze/weather_open_meteo/ingestion_date=20260804/batch_id=20260804T124555Z,data_lake/silver/weather_open_meteo/ingestion_date=20260804/batch_id=20260804T124555Z,,,,
2026-08-16T11:06:30+00:00,silver,weather_open_meteo,20260816T103831Z,data_lake/silver/weather_open_meteo/ingestion_date=20260816/batch_id=20260816T103831Z,data_lake/silver/weather_open_meteo/ingestion_date=20260816/batch_id=20260816T103831Z/quality_report.json,silver,1440.0,2,44858,0,0,,COMPLETE,[],3,3,data_lake/bronze/weather_open_meteo/ingestion_date=20260816/batch_id=20260816T103831Z,data_lake/silver/weather_open_meteo/ingestion_date=20260816/batch_id=20260816T103831Z,,,,
2026-08-16T11:06:30+00:00,silver,weather_open_meteo,20260816T105601Z,data_lake/silver/weather_open_meteo/ingestion_date=20260816/batch_id=20260816T105601Z,data_lake/silver/weather_open_meteo/ingestion_date=20260816/batch_id=20260816T105601Z/quality_report.json,silver,2160.0,3,67283,0,0,,COMPLETE,[],3,3,data_lake/bronze/weather_open_meteo/ingestion_date=20260816/batch_id=20260816T105601Z,data_lake/silver/weather_open_meteo/ingestion_date=20260816/batch_id=20260816T105601Z,,,,
