outcome,term,coefficient,std_error_hac,t_value,p_value,ci_low,ci_high
price_day_ahead_eur_mwh,Intercept,62.54985177433642,1.1018467477580631,56.76819566932255,0.0,60.390271832248025,64.70943171642482
price_day_ahead_eur_mwh,C(hour_utc)[T.1],-1.1926443680776657,0.1219766404234672,-9.777645653603456,1.4043928728416683e-22,-1.4317141902628538,-0.9535745458924775
price_day_ahead_eur_mwh,C(hour_utc)[T.2],-1.8982424344145052,0.1608876607530699,-11.79855823329997,3.9705600277213564e-32,-2.213576455047421,-1.5829084137815899
price_day_ahead_eur_mwh,C(hour_utc)[T.3],-1.2376731543832662,0.20651730585635225,-5.993072344475371,2.059131914713281e-09,-1.6424396360459594,-0.832906672720573
price_day_ahead_eur_mwh,C(hour_utc)[T.4],2.77059104626772,0.3060739174833779,9.052032492831355,1.403315305270712e-19,2.1706971913932147,3.370484901142225
price_day_ahead_eur_mwh,C(hour_utc)[T.5],8.897090333407483,0.40105545927247643,22.184189562079528,4.8814823699017585e-109,8.11103607743026,9.683144589384707
price_day_ahead_eur_mwh,C(hour_utc)[T.6],13.805042327168243,0.41138180476570146,33.557736796431165,6.94292867734119e-247,12.99874880593238,14.611335848404106
price_day_ahead_eur_mwh,C(hour_utc)[T.7],15.405873929253929,0.3849647555485195,40.01892045234835,0.0,14.651356873061564,16.16039098544629
price_day_ahead_eur_mwh,C(hour_utc)[T.8],15.652122210139893,0.3965671039611308,39.46903828834482,0.0,14.874864968922726,16.42937945135706
price_day_ahead_eur_mwh,C(hour_utc)[T.9],15.8810263602649,0.43857245966539155,36.21072415805889,4.1277884811079063e-287,15.021440134709588,16.740612585820212
price_day_ahead_eur_mwh,C(hour_utc)[T.10],15.458911629267,0.46471264631604703,33.26552817491764,1.2173732487674687e-242,14.548091579327247,16.36973167920675
price_day_ahead_eur_mwh,C(hour_utc)[T.11],14.148391692062088,0.5018421425606095,28.192912655503672,7.142859006329084e-175,13.164799166718877,15.131984217405298
price_day_ahead_eur_mwh,C(hour_utc)[T.12],12.952034001937482,0.5342807443675409,24.24200036868174,8.030113597465874e-130,11.90486298534385,13.999205018531114
price_day_ahead_eur_mwh,C(hour_utc)[T.13],12.780264508150925,0.5178643610497901,24.678787476789054,1.8071592598209115e-134,11.765269011616489,13.79526000468536
price_day_ahead_eur_mwh,C(hour_utc)[T.14],12.775760426409539,0.4855780331669163,26.310416768828382,1.4575007627872483e-152,11.824044969718587,13.72747588310049
price_day_ahead_eur_mwh,C(hour_utc)[T.15],14.113359437149551,0.4398190643305685,32.089012463866126,6.275145830472151e-226,13.251329911347533,14.97538896295157
price_day_ahead_eur_mwh,C(hour_utc)[T.16],16.42252244960161,0.437281290446227,37.55596868286572,1.1257904103366807e-308,15.565466869213804,17.279578029989413
price_day_ahead_eur_mwh,C(hour_utc)[T.17],18.251417817625708,0.5194976768591621,35.132818933805815,2.127093301146211e-270,17.23322108092952,19.269614554321894
price_day_ahead_eur_mwh,C(hour_utc)[T.18],15.650278491739428,0.4118407512817934,38.00080114226252,0.0,14.843085451861194,16.45747153161766
price_day_ahead_eur_mwh,C(hour_utc)[T.19],11.377921149014249,0.3351211940904907,33.951660920442826,1.152817602219112e-252,10.72109567814083,12.034746619887667
price_day_ahead_eur_mwh,C(hour_utc)[T.20],8.670954603225164,0.29416464486447763,29.476535520507213,5.755443428793798e-191,8.094402493765772,9.247506712684556
price_day_ahead_eur_mwh,C(hour_utc)[T.21],6.191990713776285,0.2720155309519205,22.76337197404635,1.057898128045392e-114,5.658850069874981,6.725131357677589
price_day_ahead_eur_mwh,C(hour_utc)[T.22],3.3557675064860297,0.2287864284993999,14.667686053304651,1.038257559642037e-48,2.9073543464756577,3.8041806664964017
price_day_ahead_eur_mwh,C(hour_utc)[T.23],1.4915781202483487,0.1728909268795214,8.627278175723768,6.282923340238246e-18,1.1527181303107388,1.8304381101859586
price_day_ahead_eur_mwh,C(day_of_week)[T.1],0.9697185386968985,0.7816588491310459,1.2405904951692348,0.21475706496142322,-0.5623046537969791,2.5017417311907764
price_day_ahead_eur_mwh,C(day_of_week)[T.2],1.1286828784304457,0.7610595883482106,1.4830414013705782,0.13806341129676977,-0.3629665048209265,2.620332261681818
price_day_ahead_eur_mwh,C(day_of_week)[T.3],1.4989047095444268,0.8222475057649794,1.8229361585596033,0.06831306066524684,-0.11267078813282327,3.110480207221677
price_day_ahead_eur_mwh,C(day_of_week)[T.4],1.551693670101264,0.7758442067002285,2.00000677545925,0.045499532274128555,0.031066967354766994,3.072320372847761
price_day_ahead_eur_mwh,C(day_of_week)[T.5],-2.724379162659101,0.934496065760482,-2.9153457809820025,0.0035529465406981047,-4.55595779524402,-0.8928005300741824
price_day_ahead_eur_mwh,C(day_of_week)[T.6],-5.982906116523482,0.8617306578179252,-6.942895743866651,3.841429273122895e-12,-7.671867170220625,-4.29394506282634
price_day_ahead_eur_mwh,C(year)[T.2019],-13.74163416049723,0.7121924743451465,-19.294832022947894,5.935756051402654e-83,-15.137505760274182,-12.345762560720276
price_day_ahead_eur_mwh,C(year)[T.2020],-19.269143845580878,0.7886661835391775,-24.432572674930306,7.710258807318882e-132,-20.814901161142323,-17.723386530019432
price_day_ahead_eur_mwh,renewable_share_pct,-0.521014136871188,0.017921599283487685,-29.071855063249387,8.147468767134775e-186,-0.5561398260121827,-0.48588844773019335
price_day_ahead_eur_mwh,temperature_2m_c_mean,-0.24054064953539211,0.03831655282505917,-6.277721553753072,3.435704914063334e-10,-0.31563971308423455,-0.16544158598654968
price_day_ahead_eur_mwh,wind_speed_10m_kmh_mean,-0.1271487218241477,0.048753732674912204,-2.6079792222673475,0.00910784826310523,-0.22270428197886924,-0.031593161669426134
price_day_ahead_eur_mwh,load_forecast_error_gw,1.0838378140795066,0.10925634180094315,9.920136407771896,3.402907956089191e-23,0.86969931906706,1.2979763090919532
negative_price_flag_lpm,Intercept,-0.08679338982826286,0.015028898787745278,-5.775099763066812,7.690750360039046e-09,-0.11624949017954128,-0.05733728947698444
negative_price_flag_lpm,C(hour_utc)[T.1],0.007921789488570224,0.005069090336023275,1.5627635262828843,0.11810822612379893,-0.002013445004415436,0.017857023981555885
negative_price_flag_lpm,C(hour_utc)[T.2],0.011594383308623314,0.005139888586768638,2.2557654923630377,0.024085321518846216,0.0015203867940083073,0.02166837982323832
negative_price_flag_lpm,C(hour_utc)[T.3],0.010339617707357075,0.005837650124380749,1.7711951704974591,0.07652825209971076,-0.0011019662907749608,0.02178120170548911
negative_price_flag_lpm,C(hour_utc)[T.4],0.0005412389563509189,0.006329465569894986,0.08551100410834508,0.9318551475021365,-0.01186428560202954,0.012946763514731379
negative_price_flag_lpm,C(hour_utc)[T.5],-0.0010167650730753056,0.006942206604028843,-0.14646136755498398,0.8835571852260449,-0.014623239990207954,0.012589709844057342
negative_price_flag_lpm,C(hour_utc)[T.6],-0.013216598726960384,0.0071314621045134256,-1.853280369897183,0.06384218328237751,-0.027194007608918914,0.0007608101549981486
negative_price_flag_lpm,C(hour_utc)[T.7],-0.029431418871539154,0.007451101543350761,-3.949941991839215,7.817013577367683e-05,-0.04403530954165746,-0.01482752820142085
negative_price_flag_lpm,C(hour_utc)[T.8],-0.03609806868208241,0.008355358298849322,-4.3203495757990105,1.5578221901706532e-05,-0.05247427002575493,-0.019721867338409884
negative_price_flag_lpm,C(hour_utc)[T.9],-0.04526003039883737,0.009123774132716858,-4.9606697557910655,7.025053774397247e-07,-0.06314229910204058,-0.027377761695634165
negative_price_flag_lpm,C(hour_utc)[T.10],-0.04551246557458347,0.009666511765459735,-4.708261540342616,2.498384114548318e-06,-0.06445848049101724,-0.0265664506581497
negative_price_flag_lpm,C(hour_utc)[T.11],-0.03083403013371019,0.01058204881425674,-2.9138053202106593,0.0035705249414990313,-0.051574464692298184,-0.010093595575122197
negative_price_flag_lpm,C(hour_utc)[T.12],-0.02372389249931712,0.010765224608679303,-2.2037526723028225,0.02754174264561247,-0.04482334501781285,-0.0026244399808213886
negative_price_flag_lpm,C(hour_utc)[T.13],-0.0186999170445478,0.010797086033875988,-1.7319410983552954,0.08328405028212238,-0.03986181680892515,0.0024619827198295516
negative_price_flag_lpm,C(hour_utc)[T.14],-0.0274291202047513,0.009653432330070207,-2.841385246914743,0.0044918014218044205,-0.046349499898883484,-0.008508740510619117
negative_price_flag_lpm,C(hour_utc)[T.15],-0.03148903445278235,0.008228030236954231,-3.827044085394446,0.0001296912941514678,-0.04761567738091921,-0.015362391524645493
negative_price_flag_lpm,C(hour_utc)[T.16],-0.023940606182195078,0.007636247741760686,-3.1351269618021984,0.001717797489188912,-0.03890737673307134,-0.008973835631318814
negative_price_flag_lpm,C(hour_utc)[T.17],-0.017814951764197628,0.006940788729911061,-2.5667042259080413,0.010267014620430307,-0.031418647699124815,-0.004211255829270443
negative_price_flag_lpm,C(hour_utc)[T.18],-0.013014308049799148,0.006925162766878043,-1.8792782910525254,0.060206504314589564,-0.02658737765995786,0.0005587615603595674
negative_price_flag_lpm,C(hour_utc)[T.19],-0.013628350885005079,0.0064774470126003824,-2.1039694895989514,0.03538110853771955,-0.026323913741468394,-0.0009327880285417631
negative_price_flag_lpm,C(hour_utc)[T.20],-0.015066584881266496,0.006336663351620726,-2.3776842867016,0.01742173509046159,-0.027486216832597988,-0.002646952929935005
negative_price_flag_lpm,C(hour_utc)[T.21],-0.023397784289438325,0.006537611594307467,-3.578949888948988,0.0003449776015630315,-0.03621126755919245,-0.010584301019684206
negative_price_flag_lpm,C(hour_utc)[T.22],-0.015832976919163175,0.0060755501466209895,-2.6060153462759135,0.009160235736471243,-0.02774083639280736,-0.00392511744551899
negative_price_flag_lpm,C(hour_utc)[T.23],-0.0013939329217604723,0.004881612955104115,-0.2855476119430985,0.7752246329304677,-0.010961718500228682,0.008173852656707737
negative_price_flag_lpm,C(day_of_week)[T.1],-0.010526610965899429,0.009188647479040166,-1.1456104927206354,0.25195635375915537,-0.028536029091452916,0.007482807159654058
negative_price_flag_lpm,C(day_of_week)[T.2],-0.018088129941604275,0.00768077553608779,-2.354987443210387,0.01852333161990766,-0.03314217336567267,-0.0030340865175358805
negative_price_flag_lpm,C(day_of_week)[T.3],-0.021262560906107345,0.007278865494975746,-2.9211366690020415,0.003487567995087763,-0.03552887512457112,-0.00699624668764357
negative_price_flag_lpm,C(day_of_week)[T.4],-0.02025839943018747,0.007968060616915594,-2.5424504662000698,0.011007820259019373,-0.03587551126597404,-0.004641287594400899
negative_price_flag_lpm,C(day_of_week)[T.5],-0.01664411995665849,0.011201569767281988,-1.4858738821833106,0.1373124831101581,-0.0385987932708439,0.00531055335752692
negative_price_flag_lpm,C(day_of_week)[T.6],0.04046996663601812,0.014869564639512979,2.721664528662598,0.006495404288741257,0.011326155476782371,0.06961377779525388
negative_price_flag_lpm,C(year)[T.2019],0.01454619307369619,0.0069010328664631925,2.1078284012217976,0.03504583522632546,0.0010204171993011216,0.02807196894809126
negative_price_flag_lpm,C(year)[T.2020],0.014357434090986033,0.007961620260236363,1.8033306816569763,0.0713362968519236,-0.0012470548776616509,0.029961923059633716
negative_price_flag_lpm,renewable_share_pct,0.0027981296026562087,0.00032183488600314293,8.694301719139556,3.4896923059372936e-18,0.0021673448171214945,0.003428914388190923
negative_price_flag_lpm,temperature_2m_c_mean,0.0003394793377302191,0.0003388545000193193,1.0018439705267725,0.31641895684920196,-0.00032466327830697376,0.001003621953767412
negative_price_flag_lpm,wind_speed_10m_kmh_mean,0.00193036007211559,0.0008643280539879446,2.2333650553271456,0.02552488064514983,0.00023630821547162726,0.003624411928759553
negative_price_flag_lpm,load_forecast_error_gw,-8.524084057828519e-05,0.0014523575495700716,-0.058691360542394176,0.953197940765429,-0.0029318093304104716,0.002761327649253901
