outcome,term,coefficient,std_error_clustered_by_region,t_value,p_value,ci_low,ci_high
price_day_ahead_eur_mwh,Intercept,25.277620979258533,1.1147205662705284,22.676195043057973,7.696359074790117e-114,23.092808816542203,27.462433141974863
price_day_ahead_eur_mwh,C(region)[T.DE_LU],6.107015539419426,3.1527091232446565,1.9370691366332908,0.052736892728581036,-0.07218079587095083,12.286211874709803
price_day_ahead_eur_mwh,C(region)[T.DK_1],6.4776588827618236,2.8073007755230077,2.307433154024979,0.021030684750022302,0.9754504689653656,11.979867296558282
price_day_ahead_eur_mwh,C(region)[T.DK_2],2.0376301584634047,1.2514405647393283,1.6282276728722131,0.10347661910580451,-0.41514827721814473,4.490408594144954
price_day_ahead_eur_mwh,C(region)[T.GB_GBN],10.260549509286404,1.195547898094897,8.582298982446932,9.299555023148465e-18,7.917318687227843,12.603780331344964
price_day_ahead_eur_mwh,C(region)[T.IT_NORD],14.926082004365323,0.8154653130926179,18.303760766670486,7.722916662391063e-75,13.327799360062112,16.524364648668534
price_day_ahead_eur_mwh,C(hour_utc)[T.1],-1.0617810221437207,0.19614381676626277,-5.413278071411272,6.18812777651535e-08,-1.4462158387958195,-0.677346205491622
price_day_ahead_eur_mwh,C(hour_utc)[T.2],-1.6670256909051167,0.5806728932672579,-2.870851576221001,0.004093676877735345,-2.805123648507613,-0.5289277333026203
price_day_ahead_eur_mwh,C(hour_utc)[T.3],-0.9465671770606259,0.9818176153161892,-0.9640967551349025,0.3349974193913081,-2.8708943424673583,0.9777599883461063
price_day_ahead_eur_mwh,C(hour_utc)[T.4],2.413408845011569,1.400281307160577,1.7235171480688858,0.08479504687511293,-0.33109208524783096,5.157909775270969
price_day_ahead_eur_mwh,C(hour_utc)[T.5],7.389382109173784,1.534619778356126,4.815122425366653,1.4710967221555889e-06,4.381582613632936,10.397181604714632
price_day_ahead_eur_mwh,C(hour_utc)[T.6],11.406761196941591,1.8071899752266285,6.31187719791946,2.7567094110820436e-10,7.864733932275567,14.948788461607617
price_day_ahead_eur_mwh,C(hour_utc)[T.7],12.692430579763855,1.4175362795949535,8.953866481209628,3.432439379936747e-19,9.914110524978845,15.470750634548864
price_day_ahead_eur_mwh,C(hour_utc)[T.8],12.286901407238698,1.114534060273698,11.024249365893208,2.9194390534173412e-28,10.102454789559056,14.47134802491834
price_day_ahead_eur_mwh,C(hour_utc)[T.9],11.23643416276187,1.0747542444424103,10.454886985434896,1.3916458959827537e-25,9.12995455142319,13.342913774100552
price_day_ahead_eur_mwh,C(hour_utc)[T.10],9.531661220791445,0.929161919024122,10.258342518817749,1.0855395511430899e-24,7.710537323698044,11.352785117884846
price_day_ahead_eur_mwh,C(hour_utc)[T.11],7.905879265783693,0.7965262634971878,9.925447066958647,3.226535435890039e-23,6.344716476588944,9.467042054978442
price_day_ahead_eur_mwh,C(hour_utc)[T.12],6.960384745910161,0.9950744580323795,6.994838114600336,2.6556538911072746e-12,5.010074646230983,8.910694845589338
price_day_ahead_eur_mwh,C(hour_utc)[T.13],6.86069808521606,1.3807327699760927,4.968881911403358,6.734006223253095e-07,4.1545115837886915,9.566884586643429
price_day_ahead_eur_mwh,C(hour_utc)[T.14],7.62616202339476,1.6668837503461416,4.575101306141551,4.7598960499489246e-06,4.359129906301268,10.893194140488252
price_day_ahead_eur_mwh,C(hour_utc)[T.15],10.193092312318152,1.3206237431889178,7.718392437580164,1.1780601461976176e-14,7.604717338539399,12.781467286096905
price_day_ahead_eur_mwh,C(hour_utc)[T.16],14.716871793744094,1.012942986068678,14.52882540888267,7.957318290760808e-48,12.731540022657027,16.70220356483116
price_day_ahead_eur_mwh,C(hour_utc)[T.17],18.74207491824482,2.4568405766876826,7.628527099431468,2.374509344775259e-14,13.926755872180347,23.557393964309295
price_day_ahead_eur_mwh,C(hour_utc)[T.18],16.854831721758238,2.5722753836718306,6.552498938779475,5.6582121023536904e-11,11.8132646114425,21.896398832073977
price_day_ahead_eur_mwh,C(hour_utc)[T.19],12.249468496202923,1.629188226902542,7.518755840442054,5.529994624441519e-14,9.056318247437272,15.442618744968573
price_day_ahead_eur_mwh,C(hour_utc)[T.20],8.386248519954805,0.8903897057132528,9.418626996857451,4.570249099713345e-21,6.641116764551612,10.131380275357998
price_day_ahead_eur_mwh,C(hour_utc)[T.21],4.983722397226624,0.7841841756112072,6.35529579941118,2.08025924895649e-10,3.4467496557824253,6.520695138670823
price_day_ahead_eur_mwh,C(hour_utc)[T.22],3.223307499627198,0.6137898416336026,5.251483946114781,1.5087868563651962e-07,2.0203015159487934,4.426313483305602
price_day_ahead_eur_mwh,C(hour_utc)[T.23],1.3200972772488389,0.34896670157616805,3.782874616077674,0.0001550275181323845,0.6361351103558126,2.0040594441418653
price_day_ahead_eur_mwh,C(day_of_week)[T.1],0.8072597250202719,0.32536246886406867,2.4811089239599187,0.013097434312109756,0.16956100412566255,1.4449584459148812
price_day_ahead_eur_mwh,C(day_of_week)[T.2],0.9490804631004556,0.4591908545955716,2.0668540185460578,0.038747911601619785,0.04908292606296649,1.8490780001379448
price_day_ahead_eur_mwh,C(day_of_week)[T.3],0.799046231559048,0.4141192278465552,1.9295076823989465,0.053667867279500965,-0.012612540325736887,1.6107050034438328
price_day_ahead_eur_mwh,C(day_of_week)[T.4],-0.03230623843792849,0.35919825124532995,-0.08993985445620545,0.9283350101965596,-0.7363218741885448,0.6717093973126879
price_day_ahead_eur_mwh,C(day_of_week)[T.5],-4.744673271630006,0.6020991824416061,-7.880218757962129,3.268084122813597e-15,-5.924765984336565,-3.564580558923447
price_day_ahead_eur_mwh,C(day_of_week)[T.6],-7.3673210928207915,1.0780796731677593,-6.833744551711224,8.272628063805687e-12,-9.480318424694312,-5.254323760947271
price_day_ahead_eur_mwh,C(year)[T.2016],-1.0023938054879828,2.533150897757677,-0.3957102620200372,0.6923187841842351,-5.967278332498334,3.962490721522369
price_day_ahead_eur_mwh,C(year)[T.2017],5.396649080128573,1.1949989922729252,4.516028143140087,6.301029397790355e-06,3.0544940937119813,7.738804066545165
price_day_ahead_eur_mwh,C(year)[T.2018],16.1806225522636,2.81755075551123,5.742797186745873,9.312524067668386e-09,10.65832454684797,21.702920557679228
price_day_ahead_eur_mwh,C(year)[T.2019],7.83499740957712,3.980791798381493,1.9682007516099354,0.04904494383420732,0.03278885479696214,15.637205964357278
price_day_ahead_eur_mwh,C(year)[T.2020],-4.825343709271813,4.256482849961671,-1.1336457538681883,0.25694317257584254,-13.167896796009094,3.517209377465468
price_day_ahead_eur_mwh,renewable_share_pct,-0.18030574452125545,0.04841067212074214,-3.7245040529813522,0.00019569956842356074,-0.2751889183452873,-0.08542257069722357
price_day_ahead_eur_mwh,load_forecast_error_gw,0.2225846791065144,0.2856522252537424,0.7792156315561496,0.43585270354118133,-0.3372833944945436,0.7824527527075723
negative_price_flag,Intercept,0.012825780150441932,0.0033166374040930315,3.8671035111084966,0.00011013568803128771,0.0063252902886411725,0.019326270012242693
negative_price_flag,C(region)[T.DE_LU],0.000983556016565406,0.0038657454685897693,0.2544285506009295,0.7991644963173619,-0.0065931658752694565,0.008560277908400268
negative_price_flag,C(region)[T.DK_1],-0.028317855731724056,0.009781084515943622,-2.8951652227894193,0.0037895901113209046,-0.047488429112715946,-0.009147282350732169
negative_price_flag,C(region)[T.DK_2],-0.012789166161017825,0.0024922775780073826,-5.1315175620377635,2.874154018902463e-07,-0.01767394045338901,-0.007904391868646641
negative_price_flag,C(region)[T.GB_GBN],-0.012084302131321018,0.001154155385579834,-10.47025580983622,1.1832282128341543e-25,-0.014346405119620431,-0.009822199143021605
negative_price_flag,C(region)[T.IT_NORD],-0.008671680641408074,0.0018609667208007938,-4.65977201229937,3.165598124179984e-06,-0.012319108390605236,-0.005024252892210911
negative_price_flag,C(hour_utc)[T.1],0.003319975491610864,0.0011565162529361527,2.8706691178633603,0.004096040270365752,0.0010532452883207895,0.005586705694900939
negative_price_flag,C(hour_utc)[T.2],0.003666763305817983,0.0012168622810779382,3.0132935853429843,0.0025842877768230917,0.001281757060759968,0.006051769550875998
negative_price_flag,C(hour_utc)[T.3],0.0016898585978711144,0.0006266457607103289,2.696672831482319,0.00700360429727982,0.0004616554758141648,0.002918061719928064
negative_price_flag,C(hour_utc)[T.4],-0.0018290903300319863,0.001068401309111025,-1.7119881026296204,0.08689886100829762,-0.003923118416925041,0.0002649377568610684
negative_price_flag,C(hour_utc)[T.5],-0.0014819544573593858,0.0010200507559837992,-1.45282423317269,0.14627256180358442,-0.003481217201490487,0.0005173082867717155
negative_price_flag,C(hour_utc)[T.6],-0.004620915228522014,0.0019190279790674723,-2.407945730300134,0.01604256556654416,-0.008382140952818945,-0.0008596895042250838
negative_price_flag,C(hour_utc)[T.7],-0.006745708302867086,0.0024257424303646856,-2.780883995937251,0.0054211104725678996,-0.011500076102152531,-0.001991340503581642
negative_price_flag,C(hour_utc)[T.8],-0.007449337808024165,0.0023912303738062167,-3.115273998534385,0.0018377411514862024,-0.0121360632194226,-0.00276261239662573
negative_price_flag,C(hour_utc)[T.9],-0.008240784764256244,0.0022735067375922974,-3.624702151964348,0.0002892946623611831,-0.012696776088546302,-0.0037847934399661857
negative_price_flag,C(hour_utc)[T.10],-0.008226640621093365,0.001968962656879853,-4.178159800211669,2.93877155884886e-05,-0.012085736515482172,-0.004367544726704557
negative_price_flag,C(hour_utc)[T.11],-0.005065405508496788,0.002148994017007451,-2.3571054495305397,0.01841801591215624,-0.009277356384823448,-0.0008534546321701279
negative_price_flag,C(hour_utc)[T.12],-0.0030064966470371764,0.0022135228553760164,-1.3582406161902745,0.174387346499572,-0.007344921722530431,0.0013319284284560784
negative_price_flag,C(hour_utc)[T.13],-0.0020789847943646937,0.002084870068709362,-0.9971771505414189,0.31867852985640754,-0.006165255041480591,0.002007285452751204
negative_price_flag,C(hour_utc)[T.14],-0.004635222317126977,0.001482119599345663,-3.127427988384587,0.0017634301340612988,-0.007540123352625411,-0.001730321281628543
negative_price_flag,C(hour_utc)[T.15],-0.009243980361054336,0.002990258128142435,-3.0913653487154797,0.0019923832313168206,-0.015104778596691668,-0.003383182125417006
negative_price_flag,C(hour_utc)[T.16],-0.009461928533085643,0.003415930692625544,-2.7699416014243075,0.005606634409746947,-0.01615702966431667,-0.002766827401854615
negative_price_flag,C(hour_utc)[T.17],-0.00945063059792264,0.0038274657194311596,-2.4691613957360796,0.013543012081991098,-0.0169523255600694,-0.0019489356357758796
negative_price_flag,C(hour_utc)[T.18],-0.008966335910125928,0.003867621166206165,-2.318307694784183,0.02043260452301101,-0.016546734101734815,-0.0013859377185170422
negative_price_flag,C(hour_utc)[T.19],-0.008724468890512605,0.0038231379792309774,-2.2820177921665095,0.022488289841459726,-0.016217681637732562,-0.0012312561432926486
negative_price_flag,C(hour_utc)[T.20],-0.008600966339044705,0.0037429450484751676,-2.2979141365029228,0.021566676545077136,-0.01593700383016856,-0.00126492884792085
negative_price_flag,C(hour_utc)[T.21],-0.009695121676855569,0.004041214848196355,-2.399061183590035,0.01643716795488909,-0.017615757233108924,-0.0017744861206022127
negative_price_flag,C(hour_utc)[T.22],-0.005704418093945936,0.0023700164488458996,-2.4069107607771048,0.016088100542892607,-0.010349564976451415,-0.0010592712114404577
negative_price_flag,C(hour_utc)[T.23],-0.002380550843177504,0.0011822846779468773,-2.0135174612188176,0.04406021990126516,-0.00469778623142692,-6.331545492808781e-05
negative_price_flag,C(day_of_week)[T.1],-0.0041920763998411215,0.0013638233567250713,-3.073767859429752,0.0021137383884747914,-0.006865121060296783,-0.0015190317393854592
negative_price_flag,C(day_of_week)[T.2],-0.0075140060551499716,0.0025627237657288872,-2.9320390108501786,0.0033674444430272905,-0.012536852338303452,-0.00249115977199649
negative_price_flag,C(day_of_week)[T.3],-0.008861931800250805,0.003027579644278509,-2.927068101081337,0.003421739467352719,-0.014795878863363272,-0.002927984737138339
negative_price_flag,C(day_of_week)[T.4],-0.007959724551398008,0.0027258769080009872,-2.920060156801154,0.0034996382374763778,-0.013302345117369347,-0.0026171039854266708
negative_price_flag,C(day_of_week)[T.5],-0.0027694010804126114,0.0009761987560872883,-2.8369233858816565,0.0045550540777616715,-0.004682715484096498,-0.0008560866767287254
negative_price_flag,C(day_of_week)[T.6],0.010334368269970716,0.005073073961816391,2.037101833672171,0.041639838195303085,0.0003913260139026629,0.02027741052603877
negative_price_flag,C(year)[T.2016],0.0009026851508015686,0.0007063848729041652,1.2778942265430355,0.20128672404923809,-0.0004818037593144987,0.002287174060917636
negative_price_flag,C(year)[T.2017],0.0010025795233863488,0.001457544679877255,0.6878550875509213,0.49154404170386023,-0.0018541555550310336,0.003859314601803731
negative_price_flag,C(year)[T.2018],-0.0003928751280707321,0.0015675887131837204,-0.25062385609603927,0.8021049357623273,-0.0034652925484823125,0.0026795422923408486
negative_price_flag,C(year)[T.2019],0.0017226507614992981,0.0021078190779399444,0.8172668990086727,0.4137759187660889,-0.002408598717189418,0.005853900240188014
negative_price_flag,C(year)[T.2020],0.006405861730374187,0.002630270893096888,2.4354380178810815,0.014873772577708222,0.0012506255103202834,0.01156109795042809
negative_price_flag,renewable_share_pct,0.0005352243912650512,0.00020384757995532525,2.6256107204331283,0.008649367342821294,0.00013569047621696468,0.0009347583063131378
negative_price_flag,load_forecast_error_gw,-0.0010427868009289928,0.00058273445853419,-1.7894716635635692,0.07353888704960528,-0.002184925352206455,9.935175034846925e-05
