model,outcome,term,coefficient,std_error_two_way_clustered,t_value,p_value,ci_low,ci_high,n,r_squared
price_level_vintage_panel,price_day_ahead,Intercept,50.589891781239146,4.872857899298734,10.38197559352586,1.6701072992910722e-05,39.06741381799189,62.1123697444864,1576,0.9256851854847962
price_level_vintage_panel,price_day_ahead,C(hour_utc)[T.1],-3.6662729709962436,4.564956435604114,-0.803134273615704,0.4483041973848281,-14.460679666090286,7.1281337240977996,1576,0.9256851854847962
price_level_vintage_panel,price_day_ahead,C(hour_utc)[T.2],-6.027345453542097,4.845835161431145,-1.2438197447397303,0.2536011573114631,-17.485924795483218,5.431233888399024,1576,0.9256851854847962
price_level_vintage_panel,price_day_ahead,C(hour_utc)[T.3],-5.619378692189895,5.4168898544571755,-1.0373810144147764,0.3340590425566566,-18.42828781024624,7.18953042586645,1576,0.9256851854847962
price_level_vintage_panel,price_day_ahead,C(hour_utc)[T.4],7.596946288226793,5.739899455522399,1.3235329899233192,0.22724558705239276,-5.975759166005691,21.169651742459276,1576,0.9256851854847962
price_level_vintage_panel,price_day_ahead,C(hour_utc)[T.5],28.120062437116076,9.61591342952815,2.924325665283773,0.022202858997158337,5.382040340437069,50.85808453379508,1576,0.9256851854847962
price_level_vintage_panel,price_day_ahead,C(hour_utc)[T.6],18.078447179657836,5.673831606431907,3.1862854652161237,0.015355770057140507,4.661967363635302,31.49492699568037,1576,0.9256851854847962
price_level_vintage_panel,price_day_ahead,C(hour_utc)[T.7],16.339842232111046,4.042897103261883,4.041617141066431,0.004922773686804306,6.779909695043781,25.89977476917831,1576,0.9256851854847962
price_level_vintage_panel,price_day_ahead,C(hour_utc)[T.8],20.703579574551576,5.5291695470193405,3.744428417050883,0.00722070046133055,7.629171172501353,33.7779879766018,1576,0.9256851854847962
price_level_vintage_panel,price_day_ahead,C(hour_utc)[T.9],21.702427570836285,5.868634707000252,3.6980368781429,0.007674824378818988,7.825311618924374,35.579543522748196,1576,0.9256851854847962
price_level_vintage_panel,price_day_ahead,C(hour_utc)[T.10],19.27403493975457,6.683007661999004,2.884036038047781,0.02351563458742947,3.4712329486113322,35.07683693089781,1576,0.9256851854847962
price_level_vintage_panel,price_day_ahead,C(hour_utc)[T.11],15.353268670701251,6.816873385175956,2.2522449520756287,0.059002411650341646,-0.7660754559232146,31.472612797325716,1576,0.9256851854847962
price_level_vintage_panel,price_day_ahead,C(hour_utc)[T.12],9.77442970227827,7.196942558900221,1.3581364061591066,0.21656711797464256,-7.243635209817425,26.792494614373965,1576,0.9256851854847962
price_level_vintage_panel,price_day_ahead,C(hour_utc)[T.13],10.0331773216646,6.359513642841854,1.5776642499946123,0.15864979350977454,-5.004682866534422,25.071037509863622,1576,0.9256851854847962
price_level_vintage_panel,price_day_ahead,C(hour_utc)[T.14],14.374937086420463,5.546614447517532,2.591659691229156,0.03585799876382686,1.2592780495855926,27.490596123255333,1576,0.9256851854847962
price_level_vintage_panel,price_day_ahead,C(hour_utc)[T.15],10.840295712771397,4.652416271834756,2.3300356372660413,0.05261113993949784,-0.16092063211395669,21.84151205765675,1576,0.9256851854847962
price_level_vintage_panel,price_day_ahead,C(hour_utc)[T.16],11.217638097926628,4.722344355644797,2.375438395236417,0.04921106918284915,0.05106811019664015,22.384208085656617,1576,0.9256851854847962
price_level_vintage_panel,price_day_ahead,C(hour_utc)[T.17],25.66873584717511,6.861544420850131,3.7409560111825098,0.0072536604037569405,9.443761506251725,41.893710188098495,1576,0.9256851854847962
price_level_vintage_panel,price_day_ahead,C(hour_utc)[T.18],44.00197147043258,9.092724550999538,4.8392504604789295,0.001879374711827496,22.50109448408596,65.50284845677919,1576,0.9256851854847962
price_level_vintage_panel,price_day_ahead,C(hour_utc)[T.19],30.919234535863055,5.0683765909633625,6.100421699324859,0.0004908775067990413,18.934428332665924,42.904040739060186,1576,0.9256851854847962
price_level_vintage_panel,price_day_ahead,C(hour_utc)[T.20],18.975753421661228,5.963917395926222,3.1817599342712244,0.015452754711108616,4.873329712757997,33.078177130564455,1576,0.9256851854847962
price_level_vintage_panel,price_day_ahead,C(hour_utc)[T.21],7.745995124791747,6.39470602478743,1.2113137171226314,0.26507639262019955,-7.375081823227099,22.867072072810593,1576,0.9256851854847962
price_level_vintage_panel,price_day_ahead,C(hour_utc)[T.22],6.542339813335479,5.394309530200058,1.212822470922028,0.26453421605258526,-6.213175322373658,19.297854949044616,1576,0.9256851854847962
price_level_vintage_panel,price_day_ahead,C(hour_utc)[T.23],5.485896157804505,4.9393102489377485,1.1106603718574481,0.30340316548112395,-6.193716642974489,17.165508958583498,1576,0.9256851854847962
price_level_vintage_panel,price_day_ahead,C(valid_date)[T.2024-06-02],0.8302921398100029,4.997135629902294,0.16615361305016993,0.8727333474143696,-10.986055959155346,12.646640238775353,1576,0.9256851854847962
price_level_vintage_panel,price_day_ahead,C(valid_date)[T.2024-06-03],23.916491094361128,6.428504657466141,3.720381701300353,0.007452335563657556,8.715493079839524,39.11748910888273,1576,0.9256851854847962
price_level_vintage_panel,price_day_ahead,C(valid_date)[T.2024-06-04],15.223594540885792,5.91990138011133,2.5715959715192915,0.03692186695194543,1.2252521704369457,29.221936911334637,1576,0.9256851854847962
price_level_vintage_panel,price_day_ahead,C(valid_date)[T.2024-06-05],17.93614345569102,3.8844450915293787,4.617427465972811,0.002433523594749935,8.750890388280098,27.121396523101943,1576,0.9256851854847962
price_level_vintage_panel,price_day_ahead,C(valid_date)[T.2024-06-06],3.3831026573679726,4.3286597423263755,0.7815589255693665,0.4600864765278676,-6.852551146230349,13.618756460966294,1576,0.9256851854847962
price_level_vintage_panel,price_day_ahead,C(valid_date)[T.2024-06-07],1.8993671792255307,4.521795993465852,0.42004707465135105,0.6870439290245505,-8.792981287678911,12.591715646129972,1576,0.9256851854847962
price_level_vintage_panel,price_day_ahead,C(valid_date)[T.2024-06-08],15.084002645335065,4.543118645393333,3.3201868193845345,0.012761751668353746,4.341234118574629,25.8267711720955,1576,0.9256851854847962
price_level_vintage_panel,price_day_ahead,C(valid_date)[T.2024-06-09],-2.479270220872449,5.626050887268996,-0.44067682119312274,0.6727351503313457,-15.78276658960382,10.824226147858923,1576,0.9256851854847962
price_level_vintage_panel,price_day_ahead,C(valid_date)[T.2024-06-10],22.060113394455392,3.5531700426757893,6.208572381704131,0.00044155380455533535,13.658201341511251,30.462025447399533,1576,0.9256851854847962
price_level_vintage_panel,price_day_ahead,z_temperature_absolute_error,1.7191699596822745,1.181706094378769,1.454820253411703,0.18904670659797143,-1.0751209293407542,4.513460848705304,1576,0.9256851854847962
price_level_vintage_panel,price_day_ahead,z_wind_speed_absolute_error,-0.14610574267916562,0.7489964059156743,-0.1950686832743159,0.8508802813011713,-1.9172008084632024,1.624989323104871,1576,0.9256851854847962
price_level_vintage_panel,price_day_ahead,z_shortwave_radiation_absolute_error,-0.9167693106957587,0.6538950812348616,-1.4020128565036258,0.20366439015320925,-2.4629854777809466,0.629446856389429,1576,0.9256851854847962
price_level_vintage_panel,price_day_ahead,z_precipitation_absolute_error,-0.7373835910813966,0.5760445586524556,-1.2800808201475982,0.24130269210167837,-2.0995125244690556,0.6247453423062621,1576,0.9256851854847962
price_level_vintage_panel,price_day_ahead,z_load_forecast_error_mw,-1.0249301224002494,2.007075629681253,-0.5106584461707705,0.6252961407067743,-5.770909831125398,3.7210495863248996,1576,0.9256851854847962
price_level_vintage_panel,price_day_ahead,z_solar_forecast_error_mw,-8.331982594611654,1.6046054892735955,-5.192542746680706,0.0012633250095656166,-12.126271648786904,-4.537693540436405,1576,0.9256851854847962
price_level_vintage_panel,price_day_ahead,z_wind_onshore_forecast_error_mw,1.0390273839414625,1.484308425718549,0.7000077382424563,0.5065130066392366,-2.4708043163561255,4.548859084239051,1576,0.9256851854847962
price_level_vintage_panel,price_day_ahead,z_actual_residual_load,41.918652602087064,2.282868251489984,18.362274114911173,3.519821125036087e-07,36.52052697142263,47.316778232751496,1576,0.9256851854847962
price_level_regime_interactions,price_day_ahead,Intercept,49.23085472673839,5.305889003772105,9.278530834651612,3.497154035012994e-05,36.684420912159396,61.77728854131739,1576,0.9268353467461411
price_level_regime_interactions,price_day_ahead,C(hour_utc)[T.1],-3.590340127669706,4.616931388424354,-0.7776464117858596,0.4622456980920008,-14.507648056677878,7.326967801338467,1576,0.9268353467461411
price_level_regime_interactions,price_day_ahead,C(hour_utc)[T.2],-5.881582068123719,4.943337019164319,-1.189799935817043,0.27290980002505455,-17.570716667436052,5.807552531188613,1576,0.9268353467461411
price_level_regime_interactions,price_day_ahead,C(hour_utc)[T.3],-5.0654410013032445,5.559939806241461,-0.9110604031390586,0.39255561801119354,-18.21260950453789,8.0817275019314,1576,0.9268353467461411
price_level_regime_interactions,price_day_ahead,C(hour_utc)[T.4],8.45185944499588,5.773580912284913,1.4638851647531566,0.18663452197042366,-5.200489998726217,22.104208888717977,1576,0.9268353467461411
price_level_regime_interactions,price_day_ahead,C(hour_utc)[T.5],28.850669857255998,9.300937137563988,3.1019099936431016,0.0172759652661054,6.857448339232217,50.84389137527978,1576,0.9268353467461411
price_level_regime_interactions,price_day_ahead,C(hour_utc)[T.6],19.711955088037907,5.9607352802962925,3.3069670369689823,0.012995617123284037,5.617055886924581,33.80685428915123,1576,0.9268353467461411
price_level_regime_interactions,price_day_ahead,C(hour_utc)[T.7],18.611442692792053,4.6609526427449195,3.993055523051064,0.0052360134266482864,7.590041038231938,29.63284434735217,1576,0.9268353467461411
price_level_regime_interactions,price_day_ahead,C(hour_utc)[T.8],22.207875909951525,5.769074892755839,3.8494691649501207,0.006296771699609895,8.566181509286027,35.849570310617025,1576,0.9268353467461411
price_level_regime_interactions,price_day_ahead,C(hour_utc)[T.9],23.261127119392626,6.042694883873467,3.849462461106734,0.006296826389435025,8.972424252009782,37.54982998677547,1576,0.9268353467461411
price_level_regime_interactions,price_day_ahead,C(hour_utc)[T.10],20.42762612711607,6.815508145026454,2.997227160827754,0.02002050906509774,4.311510280458364,36.54374197377378,1576,0.9268353467461411
price_level_regime_interactions,price_day_ahead,C(hour_utc)[T.11],16.515367808546856,6.8712423205680615,2.403549029134151,0.04721931003280235,0.2674615787609369,32.763274038332774,1576,0.9268353467461411
price_level_regime_interactions,price_day_ahead,C(hour_utc)[T.12],11.852190044063214,7.324216742754086,1.6182194574988094,0.14964805477864862,-5.466830489775006,29.171210577901434,1576,0.9268353467461411
price_level_regime_interactions,price_day_ahead,C(hour_utc)[T.13],12.261917658847839,6.61854620844904,1.8526602780523975,0.10635109484755553,-3.3884572159382333,27.91229253363391,1576,0.9268353467461411
price_level_regime_interactions,price_day_ahead,C(hour_utc)[T.14],16.224711532697007,5.928976203132123,2.7365114948725746,0.029064151726522942,2.2049106156542813,30.244512449739734,1576,0.9268353467461411
price_level_regime_interactions,price_day_ahead,C(hour_utc)[T.15],13.095488761552678,5.39689047804805,2.426487773805827,0.045655283789514646,0.33387065397008264,25.857106869135272,1576,0.9268353467461411
price_level_regime_interactions,price_day_ahead,C(hour_utc)[T.16],13.6433175277602,5.204468007962548,2.6214624639610964,0.034336101335866086,1.3367062594931696,25.94992879602723,1576,0.9268353467461411
price_level_regime_interactions,price_day_ahead,C(hour_utc)[T.17],28.714680333676355,7.137098133173386,4.023299077283231,0.005038457560823762,11.83812500197698,45.591235665375734,1576,0.9268353467461411
price_level_regime_interactions,price_day_ahead,C(hour_utc)[T.18],46.48190494120004,9.306742991150632,4.994433067013628,0.001575127167062933,24.474954760984087,68.488855121416,1576,0.9268353467461411
price_level_regime_interactions,price_day_ahead,C(hour_utc)[T.19],31.94197871405453,5.249954343802092,6.084239332817072,0.0004987755188788456,19.52780935294522,44.356148075163844,1576,0.9268353467461411
price_level_regime_interactions,price_day_ahead,C(hour_utc)[T.20],18.9162676378869,6.005200263005336,3.149981151239767,0.016152491963578385,4.716225460313115,33.11630981546068,1576,0.9268353467461411
price_level_regime_interactions,price_day_ahead,C(hour_utc)[T.21],7.271964115617141,6.647835344250972,1.093884511129764,0.3102128845962899,-8.447668559994375,22.99159679122866,1576,0.9268353467461411
price_level_regime_interactions,price_day_ahead,C(hour_utc)[T.22],5.828060560213201,5.8057155449027915,1.0038487960937093,0.34888285121188095,-7.900275215113156,19.55639633553956,1576,0.9268353467461411
price_level_regime_interactions,price_day_ahead,C(hour_utc)[T.23],5.575657190168744,5.157917411962206,1.0809900091144768,0.31553067072463803,-6.620879409869779,17.772193790207268,1576,0.9268353467461411
price_level_regime_interactions,price_day_ahead,C(valid_date)[T.2024-06-02],1.487336369565555,4.9081072151110465,0.30303665025620347,0.7706695075884783,-10.11849298070355,13.093165719834658,1576,0.9268353467461411
price_level_regime_interactions,price_day_ahead,C(valid_date)[T.2024-06-03],24.875748749196703,6.246441824426736,3.9823870050177987,0.00530770926925784,10.105260924993766,39.64623657339964,1576,0.9268353467461411
price_level_regime_interactions,price_day_ahead,C(valid_date)[T.2024-06-04],17.101992646465312,5.929938939086058,2.8840082203445303,0.023516568773676527,3.079915220638034,31.12407007229259,1576,0.9268353467461411
price_level_regime_interactions,price_day_ahead,C(valid_date)[T.2024-06-05],20.484886639450288,4.108285255047089,4.986237655791867,0.0015897521587953664,10.770335692904894,30.199437585995682,1576,0.9268353467461411
price_level_regime_interactions,price_day_ahead,C(valid_date)[T.2024-06-06],5.1534186957091865,4.374199180375638,1.178139925321515,0.27723581018670523,-5.189918767504327,15.4967561589227,1576,0.9268353467461411
price_level_regime_interactions,price_day_ahead,C(valid_date)[T.2024-06-07],3.527664582959958,4.573638439266072,0.7713037726537123,0.4657607501556016,-7.287271788545568,14.342600954465485,1576,0.9268353467461411
price_level_regime_interactions,price_day_ahead,C(valid_date)[T.2024-06-08],15.984222555887726,4.399568735873338,3.6331339536884797,0.008362963687335552,5.580895626492222,26.38754948528323,1576,0.9268353467461411
price_level_regime_interactions,price_day_ahead,C(valid_date)[T.2024-06-09],-1.0116006019671546,5.445684041717703,-0.18576189771892657,0.8578997499824317,-13.888597153524648,11.865395949590338,1576,0.9268353467461411
price_level_regime_interactions,price_day_ahead,C(valid_date)[T.2024-06-10],23.92200195324464,3.8468266392308483,6.218632706055012,0.0004372555623488716,14.825702390446208,33.01830151604307,1576,0.9268353467461411
price_level_regime_interactions,price_day_ahead,z_temperature_absolute_error,0.4948109208644925,1.8567849670713426,0.26648800460989547,0.7975427453085632,-3.895787842265314,4.885409683994299,1576,0.9268353467461411
price_level_regime_interactions,price_day_ahead,z_wind_speed_absolute_error,-1.2353410279832,1.262436718302396,-0.9785369912595449,0.36040812635513886,-4.220529508182254,1.7498474522158538,1576,0.9268353467461411
price_level_regime_interactions,price_day_ahead,z_shortwave_radiation_absolute_error,-2.334576922467644,2.4269239220091707,-0.9619489516321237,0.3681187090698436,-8.073340085221204,3.4041862402859167,1576,0.9268353467461411
price_level_regime_interactions,price_day_ahead,z_precipitation_absolute_error,-0.35324666852078623,0.7003466513568274,-0.5043883166092368,0.6294742705034742,-2.009303344840937,1.3028100077993645,1576,0.9268353467461411
price_level_regime_interactions,price_day_ahead,z_load_forecast_error_mw,-1.156045119724614,1.9954418218054293,-0.5793429340268369,0.5805152328248524,-5.87451524420822,3.5624250047589916,1576,0.9268353467461411
price_level_regime_interactions,price_day_ahead,z_solar_forecast_error_mw,-8.278132333648301,1.5931975120967572,-5.195923462592979,0.0012586370288452207,-12.045445808329582,-4.510818858967021,1576,0.9268353467461411
price_level_regime_interactions,price_day_ahead,z_wind_onshore_forecast_error_mw,0.49163710532305327,1.501114078184348,0.32751481880558087,0.7528557570387747,-3.057933648359003,4.04120785900511,1576,0.9268353467461411
price_level_regime_interactions,price_day_ahead,z_actual_residual_load,39.99479144495838,2.414265698858911,16.56602728683164,7.131920215535233e-07,34.285960223648,45.703622666268764,1576,0.9268353467461411
price_level_regime_interactions,price_day_ahead,high_renewable_regime,-3.9208631198691863,3.2014809284650383,-1.2247029445054538,0.2602975610732267,-11.4911625643294,3.6494363245910275,1576,0.9268353467461411
price_level_regime_interactions,price_day_ahead,z_temperature_absolute_error:high_renewable_regime,1.889198865274771,1.943990537666288,0.9718148461477117,0.3635177028722281,-2.70760830495783,6.486006035507373,1576,0.9268353467461411
price_level_regime_interactions,price_day_ahead,z_wind_speed_absolute_error:high_renewable_regime,1.8469120775637493,1.452743429665888,1.2713270904198926,0.24422377333094367,-1.5882802675662862,5.282104422693784,1576,0.9268353467461411
price_level_regime_interactions,price_day_ahead,z_shortwave_radiation_absolute_error:high_renewable_regime,1.0376160019740719,2.4461359824187654,0.4241857400536114,0.6841620524762031,-4.746576464747081,6.821808468695226,1576,0.9268353467461411
price_level_regime_interactions,price_day_ahead,z_precipitation_absolute_error:high_renewable_regime,-0.2300342992787019,0.4692965349583847,-0.49016833098735835,0.639003728521881,-1.3397442670297592,0.8796756684723555,1576,0.9268353467461411
price_volatility_vintage_panel,price_volatility_24h,Intercept,37.906325231044356,2.3042069524590896,16.45092043081897,7.480516360572894e-07,32.45774159057089,43.35490887151782,1566,0.5112009137583776
price_volatility_vintage_panel,price_volatility_24h,C(hour_utc)[T.1],-0.048543113575811404,1.7019581403707378,-0.028521919796004647,0.9780420118106932,-4.073034607492215,3.9759483803405917,1566,0.5112009137583776
price_volatility_vintage_panel,price_volatility_24h,C(hour_utc)[T.2],0.011849602637853153,1.8044767252987601,0.006566780536275003,0.9949437327993604,-4.255059823438326,4.278759028714032,1566,0.5112009137583776
price_volatility_vintage_panel,price_volatility_24h,C(hour_utc)[T.3],-0.8356100076849552,1.7529921133255968,-0.4766764216067816,0.6481134036807383,-4.980777671705548,3.3095576563356377,1566,0.5112009137583776
price_volatility_vintage_panel,price_volatility_24h,C(hour_utc)[T.4],-1.247320357117763,1.8341558337926043,-0.6800514624423143,0.5183227385546127,-5.584409722904139,3.089769008668613,1566,0.5112009137583776
price_volatility_vintage_panel,price_volatility_24h,C(hour_utc)[T.5],-0.7794071248778668,2.129998323365535,-0.3659191260049225,0.725233676100638,-5.8160528161599805,4.257238566404246,1566,0.5112009137583776
price_volatility_vintage_panel,price_volatility_24h,C(hour_utc)[T.6],-0.5851396914256639,2.2150216002194147,-0.26416884213124664,0.7992583948744398,-5.82283348510635,4.652554102255022,1566,0.5112009137583776
price_volatility_vintage_panel,price_volatility_24h,C(hour_utc)[T.7],0.32507573788261984,2.2694509289379283,0.14323981793902493,0.8901369376646522,-5.041322966483778,5.691474442249018,1566,0.5112009137583776
price_volatility_vintage_panel,price_volatility_24h,C(hour_utc)[T.8],0.718339914471576,2.565272280258787,0.2800248223159801,0.7875528267103767,-5.347565131367074,6.784244960310226,1566,0.5112009137583776
price_volatility_vintage_panel,price_volatility_24h,C(hour_utc)[T.9],2.0421145718708367,2.903186989192123,0.7034044239909951,0.5045202847031438,-4.822831789681497,8.907060933423171,1566,0.5112009137583776
price_volatility_vintage_panel,price_volatility_24h,C(hour_utc)[T.10],2.4037427146767123,3.000412980605034,0.8011372868384262,0.44938587317557455,-4.691106584055742,9.498592013409166,1566,0.5112009137583776
price_volatility_vintage_panel,price_volatility_24h,C(hour_utc)[T.11],1.905890875205896,2.960372608342943,0.6438010099926951,0.5402163440141639,-5.094277988232815,8.906059738644608,1566,0.5112009137583776
price_volatility_vintage_panel,price_volatility_24h,C(hour_utc)[T.12],0.2898635173579715,2.780864175595682,0.10423505034936865,0.9199065051328877,-6.285835352641154,6.865562387357096,1566,0.5112009137583776
price_volatility_vintage_panel,price_volatility_24h,C(hour_utc)[T.13],-0.4745287744841279,2.6195374651279737,-0.18114983305304452,0.8613834736764729,-6.668750592481622,5.719693043513367,1566,0.5112009137583776
price_volatility_vintage_panel,price_volatility_24h,C(hour_utc)[T.14],-0.8327283970226615,2.518907553702689,-0.33059109128422975,0.7506281386899164,-6.788998286028294,5.123541491982971,1566,0.5112009137583776
price_volatility_vintage_panel,price_volatility_24h,C(hour_utc)[T.15],-1.9193044294208834,2.592818900062205,-0.7402385216240274,0.48323855922449654,-8.050346880496102,4.211738021654335,1566,0.5112009137583776
price_volatility_vintage_panel,price_volatility_24h,C(hour_utc)[T.16],-3.2939176319241312,2.7958468172006805,-1.178146675153734,0.2772332894467167,-9.905044819615359,3.3172095557670964,1566,0.5112009137583776
price_volatility_vintage_panel,price_volatility_24h,C(hour_utc)[T.17],-4.694442900228358,2.4528639408295483,-1.9138619236420904,0.09720373047143406,-10.494544460571356,1.1056586601146403,1566,0.5112009137583776
price_volatility_vintage_panel,price_volatility_24h,C(hour_utc)[T.18],-5.337341015819284,2.2685763106816963,-2.352727122595862,0.050882874614899785,-10.70167157664611,0.02698954500754258,1566,0.5112009137583776
price_volatility_vintage_panel,price_volatility_24h,C(hour_utc)[T.19],-4.6364321235072525,2.0003401733330417,-2.3178218311647742,0.05356602926651713,-9.366485008805878,0.0936207617913718,1566,0.5112009137583776
price_volatility_vintage_panel,price_volatility_24h,C(hour_utc)[T.20],-3.2467807108668945,2.037274989729182,-1.5936880034533254,0.15503466291903434,-8.06417055874396,1.5706091370101705,1566,0.5112009137583776
price_volatility_vintage_panel,price_volatility_24h,C(hour_utc)[T.21],-1.6249880675378534,2.075508874437974,-0.7829347720702389,0.45932882656066487,-6.53278668642993,3.282810551354223,1566,0.5112009137583776
price_volatility_vintage_panel,price_volatility_24h,C(hour_utc)[T.22],-1.6806546614619489,2.478489932253976,-0.6780962228616101,0.519489150981325,-7.541352062598258,4.18004273967436,1566,0.5112009137583776
price_volatility_vintage_panel,price_volatility_24h,C(hour_utc)[T.23],-1.001271026404001,2.7218006641644887,-0.3678708141954845,0.7238411536914706,-7.437306884888699,5.434764832080697,1566,0.5112009137583776
price_volatility_vintage_panel,price_volatility_24h,C(valid_date)[T.2024-06-02],2.2412137802654075,1.4802788400709128,1.5140483803430185,0.1737830865878423,-1.2590894640859096,5.741517024616725,1566,0.5112009137583776
price_volatility_vintage_panel,price_volatility_24h,C(valid_date)[T.2024-06-03],5.955653721489953,2.368746568794967,2.514263788261538,0.04014581542051348,0.35445813904017864,11.556849303939728,1566,0.5112009137583776
price_volatility_vintage_panel,price_volatility_24h,C(valid_date)[T.2024-06-04],6.2256209826596,2.3207766948742634,2.6825592468287414,0.03142254144471849,0.7378561274285689,11.71338583789063,1566,0.5112009137583776
price_volatility_vintage_panel,price_volatility_24h,C(valid_date)[T.2024-06-05],12.647908816358765,1.5261132612679404,8.287660645744278,7.269347867916844e-05,9.039224388087238,16.25659324463029,1566,0.5112009137583776
price_volatility_vintage_panel,price_volatility_24h,C(valid_date)[T.2024-06-06],1.4900394939820345,2.1230383004622504,0.7018429642355521,0.5054357111038386,-3.5301483583513313,6.5102273463154,1566,0.5112009137583776
price_volatility_vintage_panel,price_volatility_24h,C(valid_date)[T.2024-06-07],2.635063101580456,2.1987932416115963,1.1984133167742037,0.26975054628550704,-2.564256721772637,7.83438292493355,1566,0.5112009137583776
price_volatility_vintage_panel,price_volatility_24h,C(valid_date)[T.2024-06-08],9.77225918355216,2.1966264530161,4.448757853268252,0.002976094583318165,4.578063001060052,14.966455366044269,1566,0.5112009137583776
price_volatility_vintage_panel,price_volatility_24h,C(valid_date)[T.2024-06-09],6.740306687847026,2.0830877566850794,3.23572862747425,0.014337563937619946,1.8145868601934776,11.666026515500574,1566,0.5112009137583776
price_volatility_vintage_panel,price_volatility_24h,C(valid_date)[T.2024-06-10],11.324629623770809,2.5062645410302027,4.518529244768315,0.002736958999437245,5.398255709143733,17.251003538397885,1566,0.5112009137583776
price_volatility_vintage_panel,price_volatility_24h,z_temperature_absolute_error,1.8046752928622114,0.6129539533939878,2.944226532628662,0.021583199849817415,0.35526950955711434,3.2540810761673082,1566,0.5112009137583776
price_volatility_vintage_panel,price_volatility_24h,z_wind_speed_absolute_error,-1.7146711051566728,0.3676665172129316,-4.663658573412146,0.0023045832092744643,-2.584064268257027,-0.8452779420563188,1566,0.5112009137583776
price_volatility_vintage_panel,price_volatility_24h,z_shortwave_radiation_absolute_error,-0.11429916404642657,0.4969472191899297,-0.23000262328209597,0.8246664144636012,-1.2893926103045295,1.0607942822116763,1566,0.5112009137583776
price_volatility_vintage_panel,price_volatility_24h,z_precipitation_absolute_error,-0.3302735779994605,0.2710637419891373,-1.218435101558865,0.2625255071892395,-0.971237476034464,0.3106903200355429,1566,0.5112009137583776
price_volatility_vintage_panel,price_volatility_24h,z_load_forecast_error_mw,0.3869381726461688,0.7182708006063298,0.538707925088329,0.60678699023417,-1.3115023816785238,2.0853787269708612,1566,0.5112009137583776
price_volatility_vintage_panel,price_volatility_24h,z_solar_forecast_error_mw,0.69007422457561,0.7245950469896405,0.952358462071403,0.3726337294136135,-1.0233207961201072,2.403469245271327,1566,0.5112009137583776
price_volatility_vintage_panel,price_volatility_24h,z_wind_onshore_forecast_error_mw,2.4310809319057385,0.570969850743121,4.257809635205205,0.0037567306319409265,1.080951775910242,3.781210087901235,1566,0.5112009137583776
price_volatility_vintage_panel,price_volatility_24h,z_actual_residual_load,2.3452663672346046,1.1707506708137987,2.003215907281428,0.08521420218467668,-0.4231190615402243,5.113651796009433,1566,0.5112009137583776
negative_price_regime_interactions,negative_price_flag,Intercept,0.0764104876939442,0.08978706169899518,0.8510189135056563,0.4229118584494366,-0.13590217587875744,0.2887231512666458,1576,0.6083934155323428
negative_price_regime_interactions,negative_price_flag,C(hour_utc)[T.1],-0.0007843666523351747,0.04644235468804942,-0.01688903712147499,0.9869964366872068,-0.11060308484877068,0.10903435154410032,1576,0.6083934155323428
negative_price_regime_interactions,negative_price_flag,C(hour_utc)[T.2],0.025901554359950934,0.04823996258234982,0.5369314770038374,0.6079502972148041,-0.08816783105820193,0.1399709397781038,1576,0.6083934155323428
negative_price_regime_interactions,negative_price_flag,C(hour_utc)[T.3],0.06443953509210687,0.04905749402243672,1.3135513009008386,0.2304102009731585,-0.05156300499571505,0.18044207517992877,1576,0.6083934155323428
negative_price_regime_interactions,negative_price_flag,C(hour_utc)[T.4],0.12972626345745983,0.06039459097709928,2.1479781774935782,0.06881877537140953,-0.013084251032015881,0.27253677794693554,1576,0.6083934155323428
negative_price_regime_interactions,negative_price_flag,C(hour_utc)[T.5],0.11197471209693441,0.0623889038125477,1.7947856951192975,0.11576441231925191,-0.035551602888505396,0.2595010270823742,1576,0.6083934155323428
negative_price_regime_interactions,negative_price_flag,C(hour_utc)[T.6],0.17704461170382332,0.08315766945321217,2.1290232502659987,0.07077220153392406,-0.01959203019117864,0.3736812535988253,1576,0.6083934155323428
negative_price_regime_interactions,negative_price_flag,C(hour_utc)[T.7],0.14295748220267912,0.08543569699609946,1.6732757761571935,0.138188825789686,-0.05906583886603045,0.3449808032713887,1576,0.6083934155323428
negative_price_regime_interactions,negative_price_flag,C(hour_utc)[T.8],0.17007405172424578,0.09897226284759812,1.7184011644366801,0.12941780518188553,-0.06395816124020026,0.4041062646886918,1576,0.6083934155323428
negative_price_regime_interactions,negative_price_flag,C(hour_utc)[T.9],0.14968616639828472,0.09320998268947271,1.605902737874776,0.15233040272457232,-0.07072041915978608,0.3700927519563555,1576,0.6083934155323428
negative_price_regime_interactions,negative_price_flag,C(hour_utc)[T.10],0.15278812263435831,0.10661068339206155,1.433140823912355,0.19492993629387156,-0.09930608479339054,0.40488233006210717,1576,0.6083934155323428
negative_price_regime_interactions,negative_price_flag,C(hour_utc)[T.11],0.10623634412113359,0.10653415482740684,0.9972045518476611,0.35188015185022126,-0.14567690200669314,0.3581495902489603,1576,0.6083934155323428
negative_price_regime_interactions,negative_price_flag,C(hour_utc)[T.12],0.07651539591686861,0.10944867269951966,0.6990984360946427,0.507047323965196,-0.18228958985305665,0.3353203816867939,1576,0.6083934155323428
negative_price_regime_interactions,negative_price_flag,C(hour_utc)[T.13],0.10924611315436596,0.10807265372555311,1.0108580606505029,0.34574246081923504,-0.14630510477906622,0.3647973310877981,1576,0.6083934155323428
negative_price_regime_interactions,negative_price_flag,C(hour_utc)[T.14],0.15092228163432037,0.10029793944973923,1.5047396034486804,0.17610528735004022,-0.08624465837331768,0.3880892216419584,1576,0.6083934155323428
negative_price_regime_interactions,negative_price_flag,C(hour_utc)[T.15],0.16852366953108455,0.10315498077352633,1.6336939648224376,0.14634043774835784,-0.07539909967858321,0.4124464387407523,1576,0.6083934155323428
negative_price_regime_interactions,negative_price_flag,C(hour_utc)[T.16],-0.00018057718851306867,0.07262310486376779,-0.002486497773013282,0.9980854414844356,-0.17190693217534428,0.17154577779831812,1576,0.6083934155323428
negative_price_regime_interactions,negative_price_flag,C(hour_utc)[T.17],0.12096115785102207,0.06798189036886876,1.7793144202770557,0.11841355359494149,-0.03979046878432693,0.28171278448637105,1576,0.6083934155323428
negative_price_regime_interactions,negative_price_flag,C(hour_utc)[T.18],0.1355414698110297,0.06889560123202078,1.967345772258589,0.08984193730529658,-0.027370739690272344,0.2984536793123318,1576,0.6083934155323428
negative_price_regime_interactions,negative_price_flag,C(hour_utc)[T.19],0.12215769722413866,0.07381241600281663,1.6549749193885919,0.14190330251207658,-0.05238093172477687,0.2966963261730542,1576,0.6083934155323428
negative_price_regime_interactions,negative_price_flag,C(hour_utc)[T.20],0.06601670596851406,0.07016144782749598,0.9409256509476189,0.37807085261226864,-0.09988875509124481,0.23192216702827292,1576,0.6083934155323428
negative_price_regime_interactions,negative_price_flag,C(hour_utc)[T.21],0.0687796977412445,0.06435758819274376,1.068711548594037,0.32066232765038577,-0.08340181607333884,0.22096121155582782,1576,0.6083934155323428
negative_price_regime_interactions,negative_price_flag,C(hour_utc)[T.22],0.014550034005147584,0.05752745556581149,0.25292330178765376,0.8075942219543109,-0.1214807825581966,0.15058085056849177,1576,0.6083934155323428
negative_price_regime_interactions,negative_price_flag,C(hour_utc)[T.23],0.014940432943243999,0.05212838013902291,0.2866084252646804,0.7827095729572773,-0.10832359892973722,0.13820446481622523,1576,0.6083934155323428
negative_price_regime_interactions,negative_price_flag,C(valid_date)[T.2024-06-02],0.15114437002901895,0.07736820009641818,1.953572266650369,0.09168382153968913,-0.03180235222105468,0.3340910922790926,1576,0.6083934155323428
negative_price_regime_interactions,negative_price_flag,C(valid_date)[T.2024-06-03],0.026981154176722342,0.08182200144663376,0.32975426779703115,0.7512338554807851,-0.16649713475784775,0.22045944311129242,1576,0.6083934155323428
negative_price_regime_interactions,negative_price_flag,C(valid_date)[T.2024-06-04],0.05832457164732832,0.07188096461835675,0.8114049659321567,0.44384366440229206,-0.11164690051712092,0.22829604381177757,1576,0.6083934155323428
negative_price_regime_interactions,negative_price_flag,C(valid_date)[T.2024-06-05],0.056241580870397254,0.0473900434480022,1.186780529798569,0.27402458434978977,-0.05581806515078448,0.168301226891579,1576,0.6083934155323428
negative_price_regime_interactions,negative_price_flag,C(valid_date)[T.2024-06-06],0.05380060996560246,0.0672060399478735,0.8005323629740929,0.44971389042066723,-0.10511642194865267,0.2127176418798576,1576,0.6083934155323428
negative_price_regime_interactions,negative_price_flag,C(valid_date)[T.2024-06-07],0.04942081172658579,0.07414541248609818,0.6665390355182378,0.5264175106652447,-0.1259052287823924,0.224746852235564,1576,0.6083934155323428
negative_price_regime_interactions,negative_price_flag,C(valid_date)[T.2024-06-08],0.03574291170888499,0.07626022394571326,0.4686966528491839,0.6535320171953347,-0.14458386326504535,0.21606968668281534,1576,0.6083934155323428
negative_price_regime_interactions,negative_price_flag,C(valid_date)[T.2024-06-09],0.15460765721422498,0.08565641263899011,1.8049746942571445,0.11405092346633028,-0.04793757341636973,0.3571528878448197,1576,0.6083934155323428
negative_price_regime_interactions,negative_price_flag,C(valid_date)[T.2024-06-10],0.013744684666655679,0.058283563403935604,0.23582437078182436,0.8203200824561702,-0.12407404282753615,0.1515634121608475,1576,0.6083934155323428
negative_price_regime_interactions,negative_price_flag,z_temperature_absolute_error,-0.009974196703567747,0.02228799415798476,-0.44751432690027215,0.6680241738526675,-0.06267692820889681,0.04272853480176132,1576,0.6083934155323428
negative_price_regime_interactions,negative_price_flag,z_wind_speed_absolute_error,0.019246294573630036,0.012839442511087037,1.4989976828830842,0.17755176285829355,-0.011114162565017727,0.0496067517122778,1576,0.6083934155323428
negative_price_regime_interactions,negative_price_flag,z_shortwave_radiation_absolute_error,0.047102491321487396,0.027037033095815337,1.7421471932428005,0.12501682467492944,-0.016829932827994283,0.11103491547096908,1576,0.6083934155323428
negative_price_regime_interactions,negative_price_flag,z_precipitation_absolute_error,-0.02464467007274416,0.008408306957748251,-2.930990768603435,0.02199325691459402,-0.04452715661987202,-0.004762183525616297,1576,0.6083934155323428
negative_price_regime_interactions,negative_price_flag,z_load_forecast_error_mw,-0.023805554382426992,0.03405467977375481,-0.6990391494085758,0.5070821741704112,-0.10433207605567388,0.0567209672908199,1576,0.6083934155323428
negative_price_regime_interactions,negative_price_flag,z_solar_forecast_error_mw,0.01899564796521008,0.018663151822020385,1.0178156479870344,0.3426470916889996,-0.025135693444297388,0.06312698937471754,1576,0.6083934155323428
negative_price_regime_interactions,negative_price_flag,z_wind_onshore_forecast_error_mw,0.0755342424019069,0.022705209586478797,3.3267361886361257,0.012647566741836687,0.021844953176222162,0.12922353162759165,1576,0.6083934155323428
negative_price_regime_interactions,negative_price_flag,z_actual_residual_load,-0.2422926212149819,0.036289935958877105,-6.676578914042234,0.0002834833124376439,-0.32810468387209174,-0.15648055855787207,1576,0.6083934155323428
negative_price_regime_interactions,negative_price_flag,high_renewable_regime,-0.26635118210517494,0.04843194169044483,-5.499494193471982,0.0009070234150606731,-0.38087452597812843,-0.15182783823222146,1576,0.6083934155323428
negative_price_regime_interactions,negative_price_flag,z_temperature_absolute_error:high_renewable_regime,0.031198926770211376,0.036218791208819205,0.8614016572318542,0.41754436339863876,-0.05444490528553806,0.11684275882596082,1576,0.6083934155323428
negative_price_regime_interactions,negative_price_flag,z_wind_speed_absolute_error:high_renewable_regime,-0.03378777737068288,0.021963793029145882,-1.5383398179834697,0.16785451856148173,-0.08572389502436578,0.018148340283000018,1576,0.6083934155323428
negative_price_regime_interactions,negative_price_flag,z_shortwave_radiation_absolute_error:high_renewable_regime,-0.014308977473447698,0.03946095434486663,-0.3626110344011261,0.7275965330113796,-0.10761930710831498,0.07900135216141958,1576,0.6083934155323428
negative_price_regime_interactions,negative_price_flag,z_precipitation_absolute_error:high_renewable_regime,0.027099314625200925,0.010327238770462085,2.6240619808956334,0.034206577923266916,0.0026792753765770283,0.05151935387382482,1576,0.6083934155323428
