model,outcome,term,coefficient,std_error_hac24,t_value,p_value_hac24,ci_low,ci_high,n,r_squared
price_level_baseline,price_day_ahead,Intercept,76.37052532237433,5.341448503923116,14.297718168823067,2.26102263485984e-46,65.90147862940967,86.839572015339,239,0.9205822869459259
price_level_baseline,price_day_ahead,C(hour_utc)[T.1],-2.8305709625818607,3.536643031923926,-0.8003552908878215,0.42350497688498767,-9.762263931327297,4.101122006163575,239,0.9205822869459259
price_level_baseline,price_day_ahead,C(hour_utc)[T.2],-4.920275815276708,4.317171552366087,-1.139698933803101,0.2544117515189954,-13.381776572995115,3.5412249424416986,239,0.9205822869459259
price_level_baseline,price_day_ahead,C(hour_utc)[T.3],-3.7680095212722553,5.409542908099573,-0.6965485966717279,0.48608533452560765,-14.370518793971486,6.834499751426977,239,0.9205822869459259
price_level_baseline,price_day_ahead,C(hour_utc)[T.4],9.452514996129926,7.318448443735943,1.291600954601325,0.1964953732976844,-4.891380376305731,23.79641036856558,239,0.9205822869459259
price_level_baseline,price_day_ahead,C(hour_utc)[T.5],25.495089899458076,11.56472917949372,2.204555723160843,0.02748528566549385,2.828637216690936,48.161542582225216,239,0.9205822869459259
price_level_baseline,price_day_ahead,C(hour_utc)[T.6],14.68232558775668,8.040974230972207,1.825938644499485,0.06785950433362409,-1.0776943055635044,30.442345481076863,239,0.9205822869459259
price_level_baseline,price_day_ahead,C(hour_utc)[T.7],8.69524071461406,6.55443852138593,1.3266187006321115,0.1846348465754395,-4.1512227261843275,21.541704155412447,239,0.9205822869459259
price_level_baseline,price_day_ahead,C(hour_utc)[T.8],7.732410933597369,8.138836660556642,0.9500634127566487,0.34208003241725693,-8.219415797147892,23.684237664342632,239,0.9205822869459259
price_level_baseline,price_day_ahead,C(hour_utc)[T.9],9.630848981465249,8.504118624184768,1.132492314262431,0.25742751379857864,-7.036917242193212,26.29861520512371,239,0.9205822869459259
price_level_baseline,price_day_ahead,C(hour_utc)[T.10],4.787626943101735,10.3259648925574,0.4636493531517323,0.6428989888741945,-15.450892351935778,25.026146238139248,239,0.9205822869459259
price_level_baseline,price_day_ahead,C(hour_utc)[T.11],0.6454794010756044,10.741506612305306,0.06009207314885912,0.9520823032663057,-20.40748669874164,21.69844550089285,239,0.9205822869459259
price_level_baseline,price_day_ahead,C(hour_utc)[T.12],-5.504043232960518,10.159497839705299,-0.5417633154514432,0.5879815660111992,-25.41629309979539,14.408206633874352,239,0.9205822869459259
price_level_baseline,price_day_ahead,C(hour_utc)[T.13],-4.094931675485347,8.819448275968242,-0.46430701188457113,0.6424278009944189,-21.38073265989697,13.19086930892628,239,0.9205822869459259
price_level_baseline,price_day_ahead,C(hour_utc)[T.14],2.8441401311956986,7.651824940627833,0.3716943543878745,0.7101204288852334,-12.15316116844019,17.841441430831587,239,0.9205822869459259
price_level_baseline,price_day_ahead,C(hour_utc)[T.15],5.99370358599591,5.172843735300382,1.1586863807800414,0.24658404421929414,-4.144883832846483,16.1322910048383,239,0.9205822869459259
price_level_baseline,price_day_ahead,C(hour_utc)[T.16],9.970671249837025,5.265125937006781,1.8937194226934944,0.05826226187000097,-0.34878596076397095,20.29012846043802,239,0.9205822869459259
price_level_baseline,price_day_ahead,C(hour_utc)[T.17],28.860611450425615,7.688576237239604,3.7537003679093797,0.00017424313032573534,13.791278933045504,43.92994396780573,239,0.9205822869459259
price_level_baseline,price_day_ahead,C(hour_utc)[T.18],47.52926167054183,10.250871810403785,4.636606773513992,3.541752786019165e-06,27.43792211201351,67.62060122907015,239,0.9205822869459259
price_level_baseline,price_day_ahead,C(hour_utc)[T.19],36.296516398183265,5.814752517880044,6.2421429435859,4.3161622483511875e-10,24.899810884124783,47.69322191224175,239,0.9205822869459259
price_level_baseline,price_day_ahead,C(hour_utc)[T.20],25.52011618174919,4.311433992413196,5.919171261036765,3.2356789558715615e-09,17.06986083489759,33.97037152860079,239,0.9205822869459259
price_level_baseline,price_day_ahead,C(hour_utc)[T.21],12.929523902469445,5.165567269990642,2.5030211062361927,0.012313820046491546,2.8051980935688974,23.053849711369992,239,0.9205822869459259
price_level_baseline,price_day_ahead,C(hour_utc)[T.22],8.945512213754325,4.774998019609451,1.873406476194933,0.06101227640663588,-0.4133119309302824,18.30433635843893,239,0.9205822869459259
price_level_baseline,price_day_ahead,C(hour_utc)[T.23],6.411574070341396,4.173557232133041,1.536237246485425,0.1244802040457251,-1.7684477920560395,14.59159593273883,239,0.9205822869459259
price_level_baseline,price_day_ahead,C(day_of_week)[T.1],-9.179164288335164,3.572173007521945,-2.569630381565099,0.010180707355941317,-16.180494729624304,-2.177833847046024,239,0.9205822869459259
price_level_baseline,price_day_ahead,C(day_of_week)[T.2],-4.773699951348389,4.311975793461207,-1.107079487456157,0.2682595633038787,-13.225017208740878,3.6776173060441,239,0.9205822869459259
price_level_baseline,price_day_ahead,C(day_of_week)[T.3],-20.486846528867392,7.126456813270344,-2.8747590935678375,0.004043358744328971,-34.454445220257355,-6.519247837477433,239,0.9205822869459259
price_level_baseline,price_day_ahead,C(day_of_week)[T.4],-22.071533929992608,4.732445318384809,-4.663875110029936,3.10309750125889e-06,-31.346956312832024,-12.796111547153192,239,0.9205822869459259
price_level_baseline,price_day_ahead,C(day_of_week)[T.5],-17.47217104538076,4.979702636318272,-3.5086775900937646,0.00045034046482929124,-27.232208866283734,-7.712133224477789,239,0.9205822869459259
price_level_baseline,price_day_ahead,C(day_of_week)[T.6],-27.00702868390342,7.361261140410808,-3.668804593229829,0.00024368724274791815,-41.43483539990285,-12.579221967903992,239,0.9205822869459259
price_level_baseline,price_day_ahead,z_temperature_absolute_error,1.4081038601645903,2.288295376650682,0.6153505681707906,0.5383232288431333,-3.076872664060264,5.893080384389444,239,0.9205822869459259
price_level_baseline,price_day_ahead,z_wind_speed_absolute_error,-1.9046372416186408,0.9859569828854805,-1.93176505129521,0.05338851153352247,-3.837077418379957,0.0278029351426754,239,0.9205822869459259
price_level_baseline,price_day_ahead,z_shortwave_radiation_absolute_error,-1.5192271114446247,2.305159467256032,-0.6590551035729649,0.5098603844897573,-6.037256645887985,2.998802422998735,239,0.9205822869459259
price_level_baseline,price_day_ahead,z_precipitation_absolute_error,-0.3854386921953129,1.6036345286863503,-0.24035320099465107,0.8100564550670913,-3.5285046127854236,2.757627228394798,239,0.9205822869459259
price_level_baseline,price_day_ahead,z_load_forecast_error_mw,1.870200227474196,3.600890237903128,0.5193716286568212,0.6035016120428363,-5.187414951097802,8.927815406046195,239,0.9205822869459259
price_level_baseline,price_day_ahead,z_solar_forecast_error_mw,-4.650176287231509,2.1698031571187246,-2.143132786942049,0.032102437416884205,-8.902912328725513,-0.3974402457375046,239,0.9205822869459259
price_level_baseline,price_day_ahead,z_wind_onshore_forecast_error_mw,3.633438588702069,2.222352870619883,1.6349512432238495,0.1020592689880296,-0.722292998652105,7.989170176056243,239,0.9205822869459259
price_level_baseline,price_day_ahead,z_actual_residual_load,35.955250938478294,4.002663775951545,8.982830672538997,2.6388846750120935e-19,28.110174095390164,43.80032778156642,239,0.9205822869459259
price_level_regime_interactions,price_day_ahead,Intercept,72.50728827182704,5.613563485934962,12.916445757404782,3.6355071660737673e-38,61.50490601446539,83.50967052918868,239,0.9232830145428738
price_level_regime_interactions,price_day_ahead,C(hour_utc)[T.1],-2.4734980659817842,3.178598929454491,-0.7781724341064584,0.43646736532873287,-8.70343748901016,3.7564413570465907,239,0.9232830145428738
price_level_regime_interactions,price_day_ahead,C(hour_utc)[T.2],-4.203052216998393,4.0541240091460375,-1.0367349907196661,0.299859380036564,-12.14898926378376,3.7428848297869735,239,0.9232830145428738
price_level_regime_interactions,price_day_ahead,C(hour_utc)[T.3],-2.577967847288248,5.007547571813278,-0.5148164466373193,0.6066812914691064,-12.392580738913272,7.236645044336777,239,0.9232830145428738
price_level_regime_interactions,price_day_ahead,C(hour_utc)[T.4],10.743028819875274,6.743735501361753,1.5930382823742049,0.11115160324051486,-2.474449884057927,23.960507523808474,239,0.9232830145428738
price_level_regime_interactions,price_day_ahead,C(hour_utc)[T.5],26.50659922305916,9.847588613394118,2.691684255271024,0.00710922157205643,7.205680206239958,45.80751823987836,239,0.9232830145428738
price_level_regime_interactions,price_day_ahead,C(hour_utc)[T.6],17.338417139820596,5.482384043938548,3.1625688753035015,0.0015638373758692316,6.593141864283986,28.083692415357206,239,0.9232830145428738
price_level_regime_interactions,price_day_ahead,C(hour_utc)[T.7],11.179881790499437,5.113686125157501,2.186266719714851,0.028796097467850227,1.157241156948551,21.202522424050322,239,0.9232830145428738
price_level_regime_interactions,price_day_ahead,C(hour_utc)[T.8],10.45584423171538,7.064631527398116,1.4800268338363343,0.13886608564664693,-3.3905791260311187,24.302267589461877,239,0.9232830145428738
price_level_regime_interactions,price_day_ahead,C(hour_utc)[T.9],12.947984248680456,8.169673639758399,1.584883903521924,0.11299271436231824,-3.064281850692261,28.960250348053172,239,0.9232830145428738
price_level_regime_interactions,price_day_ahead,C(hour_utc)[T.10],7.953564825086028,9.742832564534613,0.8163503552383944,0.41429978181506777,-11.142036108805824,27.04916575897788,239,0.9232830145428738
price_level_regime_interactions,price_day_ahead,C(hour_utc)[T.11],4.231881033317837,10.502789705541579,0.40292923613285075,0.6870002829308743,-16.353208526741696,24.81697059337737,239,0.9232830145428738
price_level_regime_interactions,price_day_ahead,C(hour_utc)[T.12],-2.137803669182687,9.671291953220223,-0.22104633791671116,0.825056352801693,-21.093187581466356,16.81758024310098,239,0.9232830145428738
price_level_regime_interactions,price_day_ahead,C(hour_utc)[T.13],-1.3077740396466164,8.631927673065091,-0.15150428608517777,0.8795779300589316,-18.226041396008828,15.610493316715594,239,0.9232830145428738
price_level_regime_interactions,price_day_ahead,C(hour_utc)[T.14],4.897327245308291,7.402562696954163,0.6615718698773508,0.5082456405173542,-9.611429034021558,19.40608352463814,239,0.9232830145428738
price_level_regime_interactions,price_day_ahead,C(hour_utc)[T.15],8.19559900220648,4.785124496546476,1.7127242996752572,0.08676327250077612,-1.18307267256497,17.57427067697793,239,0.9232830145428738
price_level_regime_interactions,price_day_ahead,C(hour_utc)[T.16],15.198109926702195,4.166613438963742,3.647592979127443,0.0002647085327286921,7.031697648832683,23.364522204571706,239,0.9232830145428738
price_level_regime_interactions,price_day_ahead,C(hour_utc)[T.17],34.278600028671846,6.109721683467553,5.610501067737203,2.0174162766511846e-08,22.303765573512013,46.25343448383168,239,0.9232830145428738
price_level_regime_interactions,price_day_ahead,C(hour_utc)[T.18],50.71117503856158,9.224592376032504,5.497389258122693,3.854552230260084e-08,32.631306209475106,68.79104386764806,239,0.9232830145428738
price_level_regime_interactions,price_day_ahead,C(hour_utc)[T.19],37.025100153897114,6.5034015133096,5.693189952692146,1.2468753419866603e-08,24.27866741080701,49.77153289698722,239,0.9232830145428738
price_level_regime_interactions,price_day_ahead,C(hour_utc)[T.20],23.720491901055095,4.621029648949519,5.133161590176636,2.849150869263228e-07,14.663440217622268,32.77754358448792,239,0.9232830145428738
price_level_regime_interactions,price_day_ahead,C(hour_utc)[T.21],11.682645399709534,5.448809873045465,2.1440728658017636,0.032027048821691766,1.003174289934158,22.36211650948491,239,0.9232830145428738
price_level_regime_interactions,price_day_ahead,C(hour_utc)[T.22],8.352513657046288,5.178255366449146,1.6129976345245034,0.10674502170515796,-1.7966803639452973,18.501707678037874,239,0.9232830145428738
price_level_regime_interactions,price_day_ahead,C(hour_utc)[T.23],6.8535872458778355,4.388409723876291,1.5617473474705659,0.11834751997349208,-1.7475377623250568,15.454712254080729,239,0.9232830145428738
price_level_regime_interactions,price_day_ahead,C(day_of_week)[T.1],-8.418577501381192,3.7793570200661315,-2.2275158067056293,0.025912820590199778,-15.82598114542943,-1.0111738573329516,239,0.9232830145428738
price_level_regime_interactions,price_day_ahead,C(day_of_week)[T.2],-3.6643668441518544,4.527175591812842,-0.8094156654269536,0.41827609437827473,-12.53746795579383,5.208734267490121,239,0.9232830145428738
price_level_regime_interactions,price_day_ahead,C(day_of_week)[T.3],-17.766229507483807,6.290056344436586,-2.8244944933120735,0.004735526200722079,-30.094513403307182,-5.43794561166043,239,0.9232830145428738
price_level_regime_interactions,price_day_ahead,C(day_of_week)[T.4],-21.830674742688675,4.748847460232671,-4.597046952023823,4.285210803460515e-06,-31.138244732819217,-12.523104752558133,239,0.9232830145428738
price_level_regime_interactions,price_day_ahead,C(day_of_week)[T.5],-19.13286892758689,5.232018105702444,-3.6568812532842214,0.0002553025771153338,-29.38743598122516,-8.878301873948622,239,0.9232830145428738
price_level_regime_interactions,price_day_ahead,C(day_of_week)[T.6],-26.843506668335806,7.884259600464144,-3.4046959421218874,0.0006623776111685697,-42.29637153000969,-11.390641806661927,239,0.9232830145428738
price_level_regime_interactions,price_day_ahead,z_temperature_absolute_error,-2.0643918729505972,1.8646769121177993,-1.1071043243657543,0.2682488261157665,-5.719091463504843,1.5903077176036486,239,0.9232830145428738
price_level_regime_interactions,price_day_ahead,z_wind_speed_absolute_error,-1.4063423067124796,2.3755517702082605,-0.5920065916261585,0.5538461744229994,-6.062338219731041,3.2496536063060812,239,0.9232830145428738
price_level_regime_interactions,price_day_ahead,z_shortwave_radiation_absolute_error,-6.890334190050258,8.276298361849426,-0.8325381576154948,0.40510524941372894,-23.11158090458298,9.330912524482464,239,0.9232830145428738
price_level_regime_interactions,price_day_ahead,z_precipitation_absolute_error,0.583888260527245,1.3036671267458622,0.4478814020452543,0.6542387912287598,-1.9712523557234585,3.1390288767779486,239,0.9232830145428738
price_level_regime_interactions,price_day_ahead,z_load_forecast_error_mw,1.2914216117672856,3.4161936512509707,0.3780293928285892,0.7054087590275256,-5.404194908899003,7.9870381324335735,239,0.9232830145428738
price_level_regime_interactions,price_day_ahead,z_solar_forecast_error_mw,-4.872298764363698,2.1713195137223287,-2.243934498617864,0.02483661607303802,-9.128006810188486,-0.6165907185389106,239,0.9232830145428738
price_level_regime_interactions,price_day_ahead,z_wind_onshore_forecast_error_mw,3.4222047066806747,2.325182824923857,1.4718002687778935,0.1410748210228218,-1.1350698876411869,7.979479301002536,239,0.9232830145428738
price_level_regime_interactions,price_day_ahead,z_actual_residual_load,35.312685202803294,4.210637311583425,8.386541653839057,5.006523664112529e-17,27.059987720139226,43.56538268546736,239,0.9232830145428738
price_level_regime_interactions,price_day_ahead,z_temperature_absolute_error:high_renewable_regime,5.381690564201526,3.323060054606544,1.6194984369124583,0.10534006253301047,-1.1313874612910055,11.894768589694058,239,0.9232830145428738
price_level_regime_interactions,price_day_ahead,z_wind_speed_absolute_error:high_renewable_regime,-0.6206106870870413,2.6597369450295103,-0.23333536357677487,0.8155010001967389,-5.833599307695471,4.592377933521388,239,0.9232830145428738
price_level_regime_interactions,price_day_ahead,z_shortwave_radiation_absolute_error:high_renewable_regime,4.961595757813812,8.421940214929116,0.5891274019042145,0.5557758128495272,-11.545103743396776,21.468295259024398,239,0.9232830145428738
price_level_regime_interactions,price_day_ahead,z_precipitation_absolute_error:high_renewable_regime,-0.028292796321634103,1.8587068093750037,-0.015221763959183886,0.9878552585442719,-3.6712912005159968,3.614705607872729,239,0.9232830145428738
price_volatility_baseline,price_volatility_24h,Intercept,49.27403781013844,2.332483298903413,21.125140674449412,4.672323063251087e-99,44.70245454974658,53.8456210705303,229,0.6247805338743737
price_volatility_baseline,price_volatility_24h,C(hour_utc)[T.1],0.02037834909848514,0.8350108079182118,0.024404892613654857,0.9805296457479135,-1.616212761122903,1.6569694593198734,229,0.6247805338743737
price_volatility_baseline,price_volatility_24h,C(hour_utc)[T.2],-0.5668429203138682,1.7512112712453265,-0.32368619915903873,0.74617562030791,-3.9991539412753117,2.8654681006475755,229,0.6247805338743737
price_volatility_baseline,price_volatility_24h,C(hour_utc)[T.3],-1.9085635268267493,2.3080019135554424,-0.8269332514922554,0.4082748953115397,-6.432164153644943,2.6150370999914445,229,0.6247805338743737
price_volatility_baseline,price_volatility_24h,C(hour_utc)[T.4],-1.7051094156168465,2.5337223789557397,-0.672966158320628,0.5009688209517339,-6.671114025193242,3.26089519395955,229,0.6247805338743737
price_volatility_baseline,price_volatility_24h,C(hour_utc)[T.5],-0.4315590055516225,1.8130661425983194,-0.2380271714374148,0.8118600199982395,-3.9851033466332906,3.121985335530045,229,0.6247805338743737
price_volatility_baseline,price_volatility_24h,C(hour_utc)[T.6],0.6308489269188704,2.4625581700554515,0.2561762538607017,0.7978147436408869,-4.195676396224677,5.457374250062417,229,0.6247805338743737
price_volatility_baseline,price_volatility_24h,C(hour_utc)[T.7],-0.4591208100413735,2.8225605656518526,-0.16266110128104283,0.8707852756901187,-5.9912378629020075,5.07299624281926,229,0.6247805338743737
price_volatility_baseline,price_volatility_24h,C(hour_utc)[T.8],-2.134979105554172,3.214561068680675,-0.664158826022992,0.5065886629379539,-8.435403026272883,4.1654448151645385,229,0.6247805338743737
price_volatility_baseline,price_volatility_24h,C(hour_utc)[T.9],-2.1232638768143817,3.70440634055073,-0.5731725090662485,0.5665278961457427,-9.38376688839563,5.137239134766867,229,0.6247805338743737
price_volatility_baseline,price_volatility_24h,C(hour_utc)[T.10],-3.0958095702256636,3.616982033980644,-0.8559095790748488,0.3920477960508578,-10.184964089556157,3.9933449491048294,229,0.6247805338743737
price_volatility_baseline,price_volatility_24h,C(hour_utc)[T.11],-4.198879824011432,3.2472276150577075,-1.2930660618124894,0.19598821181481252,-10.563328999128434,2.165569351105569,229,0.6247805338743737
price_volatility_baseline,price_volatility_24h,C(hour_utc)[T.12],-5.363707163438541,2.890008485755616,-1.8559485862672669,0.0634608867235952,-11.028019710534686,0.30060538365760436,229,0.6247805338743737
price_volatility_baseline,price_volatility_24h,C(hour_utc)[T.13],-6.013400621158504,2.676738350139227,-2.246540316817191,0.02466942015694125,-11.259711383468552,-0.7670898588484549,229,0.6247805338743737
price_volatility_baseline,price_volatility_24h,C(hour_utc)[T.14],-6.887234365577998,2.6025098843424193,-2.6463816360559984,0.008135797184340925,-11.988060008298643,-1.786408722857355,229,0.6247805338743737
price_volatility_baseline,price_volatility_24h,C(hour_utc)[T.15],-8.255026980358961,2.759249095490994,-2.9917657647687017,0.0027736899296732145,-13.66305583189603,-2.846998128821893,229,0.6247805338743737
price_volatility_baseline,price_volatility_24h,C(hour_utc)[T.16],-8.770296185227888,3.3157722117501707,-2.6450237305652085,0.00816851881919158,-15.26909030119694,-2.271502069258836,229,0.6247805338743737
price_volatility_baseline,price_volatility_24h,C(hour_utc)[T.17],-8.759264932396166,3.701366529031791,-2.3664948779572574,0.017957422742723876,-16.013810022880506,-1.504719841911827,229,0.6247805338743737
price_volatility_baseline,price_volatility_24h,C(hour_utc)[T.18],-8.273733818358115,3.5748614763237803,-2.314420816905732,0.020644650097370973,-15.280333561672412,-1.2671340750438187,229,0.6247805338743737
price_volatility_baseline,price_volatility_24h,C(hour_utc)[T.19],-5.94651735575109,2.726408574217373,-2.181080785904608,0.029177441730506348,-11.29017996835834,-0.6028547431438405,229,0.6247805338743737
price_volatility_baseline,price_volatility_24h,C(hour_utc)[T.20],-3.289679778202234,2.272235535060461,-1.4477723490556624,0.1476807283270511,-7.7431795913128365,1.163820034908369,229,0.6247805338743737
price_volatility_baseline,price_volatility_24h,C(hour_utc)[T.21],-1.528010981015634,1.9896528513833203,-0.7679786853034556,0.44249984811334964,-5.427658911464366,2.371636949433099,229,0.6247805338743737
price_volatility_baseline,price_volatility_24h,C(hour_utc)[T.22],-0.730448268196838,2.134929621139775,-0.3421416148635727,0.732244321030327,-4.914833435158539,3.453936898764863,229,0.6247805338743737
price_volatility_baseline,price_volatility_24h,C(hour_utc)[T.23],-0.6732563329573361,2.2204584898147526,-0.30320599824115796,0.7617328781200223,-5.025275002160449,3.6787623362457773,229,0.6247805338743737
price_volatility_baseline,price_volatility_24h,C(day_of_week)[T.1],-1.2280930714949454,2.696921583270726,-0.45536847608507763,0.6488441703820276,-6.5139622438343086,4.057776100844418,229,0.6247805338743737
price_volatility_baseline,price_volatility_24h,C(day_of_week)[T.2],3.692115120262467,2.2842150739344134,1.6163605443260807,0.10601638372242697,-0.7848641575924802,8.169094398117414,229,0.6247805338743737
price_volatility_baseline,price_volatility_24h,C(day_of_week)[T.3],-13.168774371595177,3.849844523039966,-3.420599011930142,0.0006248338630791792,-20.714330982832294,-5.623217760358061,229,0.6247805338743737
price_volatility_baseline,price_volatility_24h,C(day_of_week)[T.4],-8.062963775909092,3.3226361752951616,-2.426676696010158,0.015237828135036735,-14.575211013217523,-1.5507165386006614,229,0.6247805338743737
price_volatility_baseline,price_volatility_24h,C(day_of_week)[T.5],-5.143454893115052,3.285019368045711,-1.5657304620931176,0.11741173166729602,-11.581974543001174,1.2950647567710698,229,0.6247805338743737
price_volatility_baseline,price_volatility_24h,C(day_of_week)[T.6],-3.6869704018397615,4.263672858575236,-0.8647404536265975,0.3871812605436764,-12.043615646508165,4.669674842828641,229,0.6247805338743737
price_volatility_baseline,price_volatility_24h,z_temperature_absolute_error,4.57672846653995,1.1017847641046519,4.15392244987083,3.268239788811291e-05,2.4172700101798728,6.736186922900027,229,0.6247805338743737
price_volatility_baseline,price_volatility_24h,z_wind_speed_absolute_error,-0.7723744324513909,0.537572130882548,-1.4367828763432382,0.15077969744961725,-1.8259964480736373,0.2812475831708553,229,0.6247805338743737
price_volatility_baseline,price_volatility_24h,z_shortwave_radiation_absolute_error,0.4291718191662686,0.7149010888627099,0.6003233536110715,0.5482907576499546,-0.9720085675131116,1.8303522058456487,229,0.6247805338743737
price_volatility_baseline,price_volatility_24h,z_precipitation_absolute_error,0.62152952054521,0.5304585083656373,1.1716835732547035,0.24132412052410201,-0.41815005114427817,1.6612090922346983,229,0.6247805338743737
price_volatility_baseline,price_volatility_24h,z_load_forecast_error_mw,0.7791871724140996,1.0283203164755235,0.7577280735682579,0.44861378905004357,-1.2362836124487568,2.7946579572769563,229,0.6247805338743737
price_volatility_baseline,price_volatility_24h,z_solar_forecast_error_mw,1.3287382513337482,1.1137746211603325,1.19300460442299,0.2328675697844086,-0.8542198930352465,3.511696395702743,229,0.6247805338743737
price_volatility_baseline,price_volatility_24h,z_wind_onshore_forecast_error_mw,3.074400809343603,0.6670843896982139,4.608713465374971,4.051682518119721e-06,1.7669394308862214,4.3818621878009845,229,0.6247805338743737
price_volatility_baseline,price_volatility_24h,z_actual_residual_load,2.2249943563424828,2.5686993899588413,0.8661949175680438,0.3863832800489718,-2.8095639350868535,7.2595526477718195,229,0.6247805338743737
negative_price_lpm,negative_price_flag,Intercept,0.05193219741306454,0.04312066430864802,1.2043459498060036,0.2284558935744876,-0.03258275162132733,0.13644714644745642,239,0.6456064316978192
negative_price_lpm,negative_price_flag,C(hour_utc)[T.1],0.026794792697800544,0.01904738839737023,1.4067436510876188,0.15950341694599124,-0.010537402560591207,0.06412698795619229,239,0.6456064316978192
negative_price_lpm,negative_price_flag,C(hour_utc)[T.2],0.056559996011330355,0.024960936337750653,2.2659404777932797,0.02345502785027563,0.007637459768941958,0.10548253225371876,239,0.6456064316978192
negative_price_lpm,negative_price_flag,C(hour_utc)[T.3],0.07215176522462513,0.03196524318189541,2.257194316153074,0.02399593542890305,0.009501039831045596,0.13480249061820465,239,0.6456064316978192
negative_price_lpm,negative_price_flag,C(hour_utc)[T.4],0.07332996178067423,0.03986881260181138,1.8392813077493708,0.06587382092009376,-0.004811475025252726,0.1514713985866012,239,0.6456064316978192
negative_price_lpm,negative_price_flag,C(hour_utc)[T.5],0.030929075088564864,0.047747919039360404,0.6477575507127099,0.5171417748447944,-0.06265512656531587,0.1245132767424456,239,0.6456064316978192
negative_price_lpm,negative_price_flag,C(hour_utc)[T.6],0.026442767173755967,0.06631154414287922,0.398765667660832,0.6900658765078708,-0.10352547110552529,0.1564110054530372,239,0.6456064316978192
negative_price_lpm,negative_price_flag,C(hour_utc)[T.7],-0.05992660828933222,0.08293553988014614,-0.7225684956767008,0.4699450294126798,-0.222477279492804,0.10262406291413956,239,0.6456064316978192
negative_price_lpm,negative_price_flag,C(hour_utc)[T.8],-0.03235607679385144,0.05547645908244685,-0.5832397620360946,0.5597319074208564,-0.14108793858525723,0.07637578499755435,239,0.6456064316978192
negative_price_lpm,negative_price_flag,C(hour_utc)[T.9],-0.16866333740174883,0.054270700663620476,-3.107815733707851,0.0018847554186052014,-0.275031956118199,-0.06229471868529868,239,0.6456064316978192
negative_price_lpm,negative_price_flag,C(hour_utc)[T.10],-0.09130221370600229,0.10726290156855789,-0.8512002973147784,0.3946580976871392,-0.30153363765764063,0.11892921024563603,239,0.6456064316978192
negative_price_lpm,negative_price_flag,C(hour_utc)[T.11],-0.08863779406019966,0.10727449324206939,-0.8262709184762566,0.40865042653253825,-0.2988919372744411,0.12161634915404178,239,0.6456064316978192
negative_price_lpm,negative_price_flag,C(hour_utc)[T.12],-0.11037719735926997,0.1195151508912672,-0.9235414634558695,0.3557251029211458,-0.3446225887130238,0.12386819399448389,239,0.6456064316978192
negative_price_lpm,negative_price_flag,C(hour_utc)[T.13],-0.017012809326505812,0.10310657875021782,-0.16500217088688796,0.8689422733579939,-0.2190979902460756,0.18507237159306397,239,0.6456064316978192
negative_price_lpm,negative_price_flag,C(hour_utc)[T.14],-0.0071253942820835026,0.11553479585398338,-0.06167314556117628,0.9508231259850757,-0.23356943311707848,0.21931864455291147,239,0.6456064316978192
negative_price_lpm,negative_price_flag,C(hour_utc)[T.15],-0.03841352829602182,0.13067851345038664,-0.29395443276607125,0.7687927231737142,-0.29453870821201267,0.21771165161996905,239,0.6456064316978192
negative_price_lpm,negative_price_flag,C(hour_utc)[T.16],-0.10446089761484395,0.07163656196539672,-1.458206462578462,0.1447836430176739,-0.2448659790432934,0.03594418381360551,239,0.6456064316978192
negative_price_lpm,negative_price_flag,C(hour_utc)[T.17],-0.06028075103117729,0.06977588843390663,-0.8639195054933144,0.3876321108709616,-0.19703897935091919,0.07647747728856462,239,0.6456064316978192
negative_price_lpm,negative_price_flag,C(hour_utc)[T.18],0.03791208348020363,0.059356553341428996,0.6387177379071671,0.5230065713471237,-0.0784246233154278,0.15424879027583507,239,0.6456064316978192
negative_price_lpm,negative_price_flag,C(hour_utc)[T.19],0.06594579134223286,0.048939470572861465,1.3474970319519957,0.17782020870042003,-0.029973808403033417,0.16186539108749914,239,0.6456064316978192
negative_price_lpm,negative_price_flag,C(hour_utc)[T.20],0.027048499746513008,0.045855255388771686,0.5898669523741485,0.5552798516484118,-0.06282614931736573,0.11692314881039174,239,0.6456064316978192
negative_price_lpm,negative_price_flag,C(hour_utc)[T.21],0.017260614784913763,0.03887856159674546,0.44396227833590063,0.6570698565406945,-0.05893996571542939,0.09346119528525693,239,0.6456064316978192
negative_price_lpm,negative_price_flag,C(hour_utc)[T.22],0.0019187799894212127,0.039237618995115305,0.04890153986306055,0.9609977616989451,-0.07498554008010949,0.0788231000589519,239,0.6456064316978192
negative_price_lpm,negative_price_flag,C(hour_utc)[T.23],0.0003066146093665108,0.03973626454146243,0.007716241395730006,0.9938433912174521,-0.07757503277205585,0.07818826199078888,239,0.6456064316978192
negative_price_lpm,negative_price_flag,C(day_of_week)[T.1],0.10154328069026566,0.049378513959955225,2.0564264200541715,0.03974143185519051,0.00476317171864514,0.19832338966188617,239,0.6456064316978192
negative_price_lpm,negative_price_flag,C(day_of_week)[T.2],-0.038532248603418,0.0529995487855483,-0.727029748108437,0.46720773248402836,-0.14240945541996625,0.06534495821313023,239,0.6456064316978192
negative_price_lpm,negative_price_flag,C(day_of_week)[T.3],0.10662638789031703,0.06605147175215229,1.6142923853448068,0.10646402099707337,-0.02283211786976619,0.23608489365040025,239,0.6456064316978192
negative_price_lpm,negative_price_flag,C(day_of_week)[T.4],0.1675726156833245,0.05287088607188214,3.169468645853529,0.0015271793428232546,0.06394758315171513,0.27119764821493386,239,0.6456064316978192
negative_price_lpm,negative_price_flag,C(day_of_week)[T.5],0.002968558308066957,0.053252987569058365,0.055744446341481534,0.9555453914676119,-0.10140537939644664,0.10734249601258056,239,0.6456064316978192
negative_price_lpm,negative_price_flag,C(day_of_week)[T.6],0.120712968305801,0.05910928763435857,2.0421996802349205,0.04113172819962247,0.004860893390639429,0.23656504322096256,239,0.6456064316978192
negative_price_lpm,negative_price_flag,z_temperature_absolute_error,-0.029019809519130968,0.039292073713354504,-0.7385665040444984,0.4601702701610574,-0.10603085887519878,0.047991239836936844,239,0.6456064316978192
negative_price_lpm,negative_price_flag,z_wind_speed_absolute_error,0.034580154993523085,0.01556587930735353,2.2215355978757305,0.02631470640229171,0.004071592163412886,0.06508871782363329,239,0.6456064316978192
negative_price_lpm,negative_price_flag,z_shortwave_radiation_absolute_error,0.20636210383243364,0.035886947857991854,5.750338664882524,8.906485922605453e-09,0.13602497851570278,0.2766992291491645,239,0.6456064316978192
negative_price_lpm,negative_price_flag,z_precipitation_absolute_error,0.006908348648094514,0.013176906955322674,0.5242769544869526,0.6000859233452018,-0.018917914411973265,0.03273461170816229,239,0.6456064316978192
negative_price_lpm,negative_price_flag,z_load_forecast_error_mw,-0.07989226423307459,0.053227201658133966,-1.5009668317001552,0.13336414065698687,-0.1842156624808678,0.024431134014718622,239,0.6456064316978192
negative_price_lpm,negative_price_flag,z_solar_forecast_error_mw,0.04452823389542469,0.027370321390418943,1.626880198455102,0.10376254428989604,-0.00911661027508269,0.09817307806593208,239,0.6456064316978192
negative_price_lpm,negative_price_flag,z_wind_onshore_forecast_error_mw,0.045149907538651946,0.02739870585587732,1.6478846766029571,0.09937633842821476,-0.008550569161874279,0.09885038423917816,239,0.6456064316978192
negative_price_lpm,negative_price_flag,z_actual_residual_load,-0.08374832890654918,0.04061957151430067,-2.0617728298060567,0.03922936898359754,-0.16336122614202758,-0.004135431671070763,239,0.6456064316978192
